symbol,event,window,observations,mean_ret,median_ret,pos_pct,neg_pct,mfe,mae,baseline,diff,tp_hit,sl_hit,ambiguous,category
B-STX_USDT,B_BEAR_T1_0.75-0.85,5000,58,0.00004348699189315464,0,0.15517241379310345,0.06896551724137931,0.00027544078509762727,0.00022476892685462557,-0.000025039275973239875,0.00006852626786639451,1,0,0,C) NO OBSERVED EDGE
B-STX_USDT,B_BEAR_T1_0.75-0.85,10000,57,0.000059076511375854166,0,0.22807017543859648,0.08771929824561403,0.00032621340466804793,0.0002537095768344691,-0.000038960121534131405,0.00009803663290998556,2,1,0,C) NO OBSERVED EDGE
B-STX_USDT,B_BEAR_T1_0.75-0.85,30000,57,-0.00009606602066367732,0,0.42105263157894735,0.3508771929824561,0.0005074414781990188,0.0005147916267087009,-0.00009514215722912275,-9.238634345545718e-7,7,11,0,C) NO OBSERVED EDGE
B-STX_USDT,B_BEAR_T1_0.75-0.85,60000,57,-0.00013326919425308634,0,0.42105263157894735,0.42105263157894735,0.0006957327703753166,0.0008918009622501322,-0.00011353774715775917,-0.00001973144709532717,15,27,0,C) NO OBSERVED EDGE
B-STX_USDT,B_BEAR_T1_0.75-0.85,180000,53,0.00005349386338664728,0,0.39622641509433965,0.39622641509433965,0.0011230721756855498,0.001473024376100142,-0.00017396131136156908,0.00022745517474821635,21,32,0,B) WEAK
B-STX_USDT,B_BEAR_T1_>0.85,5000,81,0.0001271444594017009,0,0.3950617283950617,0.09876543209876543,0.000405045582420176,0.00023582686428346423,-0.000025039275973239875,0.00015218373537494078,4,2,0,B) WEAK
B-STX_USDT,B_BEAR_T1_>0.85,10000,81,0.0001452063513325634,0,0.4567901234567901,0.16049382716049382,0.00047682490914431234,0.00030250496318118313,-0.000038960121534131405,0.00018416647286669481,7,5,0,B) WEAK
B-STX_USDT,B_BEAR_T1_>0.85,30000,81,0.00020728110676560699,0.0004190236748376985,0.5185185185185185,0.20987654320987653,0.0007125297067746382,0.000456346308384254,-0.00009514215722912275,0.00030242326399472974,26,16,0,B) WEAK
B-STX_USDT,B_BEAR_T1_>0.85,60000,81,0.00022260015684160482,0,0.49382716049382713,0.2962962962962963,0.000937870185729727,0.0006101490016030102,-0.00011353774715775917,0.000336137903999364,38,21,0,B) WEAK
B-STX_USDT,B_BEAR_T1_>0.85,180000,76,0.000042760097100127943,0,0.4868421052631579,0.4342105263157895,0.0014190080216607281,0.0012309978939421494,-0.00017396131136156908,0.00021672140846169702,45,29,0,B) WEAK
B-STX_USDT,A_BULL_T1_>0.85,5000,92,0.00018752751920441264,0,0.3695652173913043,0.03260869565217391,0.0003933031643973683,0.00021041274719144315,0.000025039275973239875,0.00016248824323117277,7,0,0,B) WEAK
B-STX_USDT,A_BULL_T1_>0.85,10000,92,0.0002447775684079337,0,0.4891304347826087,0.06521739130434782,0.0004665355809516223,0.0002424003961510661,0.000038960121534131405,0.00020581744687380227,9,2,0,B) WEAK
B-STX_USDT,A_BULL_T1_>0.85,30000,91,0.00027776695348142905,0.00042007981516495167,0.5054945054945055,0.2087912087912088,0.0007271780803549274,0.0003383026025661652,0.00009514215722912275,0.0001826247962523063,24,6,0,B) WEAK
B-STX_USDT,A_BULL_T1_>0.85,60000,90,0.00030910585471966473,0.0004207868714496812,0.5444444444444444,0.2777777777777778,0.0009055961427394919,0.00047535335202572793,0.00011353774715775917,0.00019556810756190556,35,16,0,B) WEAK
B-STX_USDT,A_BULL_T1_>0.85,180000,87,0.00044122463089449034,0,0.47126436781609193,0.3448275862068966,0.001436332673270953,0.0008637955790829992,0.00017396131136156908,0.0002672633195329213,49,42,0,B) WEAK
B-STX_USDT,C_BUY_SURGE,5000,9,-0.000046597236783853587,0,0,0.1111111111111111,0.0002105911404087343,0.0002571883771926009,0.000025039275973239875,-0.00007163651275709346,0,0,0,C) NO OBSERVED EDGE
B-STX_USDT,C_BUY_SURGE,10000,9,1.5686004388877064e-7,0,0.1111111111111111,0.1111111111111111,0.0002105911404087343,0.0002571883771926009,0.000038960121534131405,-0.000038803261490242634,0,0,0,C) NO OBSERVED EDGE
B-STX_USDT,C_BUY_SURGE,30000,9,-0.00009309502194342864,0,0.3333333333333333,0.2222222222222222,0.0003978638393878451,0.0004442047645035443,0.00009514215722912275,-0.0001882371791725514,0,1,0,B) WEAK
B-STX_USDT,C_BUY_SURGE,60000,9,-0.0000451391652234641,0,0.4444444444444444,0.4444444444444444,0.0008197360168713958,0.0007244353403085092,0.00011353774715775917,-0.00015867691238122326,2,2,0,B) WEAK
B-STX_USDT,C_BUY_SURGE,180000,9,-0.0001377648492820837,0,0.4444444444444444,0.3333333333333333,0.001663558866289656,0.0010041559558202865,0.00017396131136156908,-0.0003117261606436528,4,3,0,B) WEAK
B-STX_USDT,B_BEAR_T1_0.55-0.65,5000,51,0.000036834557094500224,0,0.19607843137254902,0.09803921568627451,0.0002845952457323034,0.0002187309119104065,-0.000025039275973239875,0.0000618738330677401,1,0,0,C) NO OBSERVED EDGE
B-STX_USDT,B_BEAR_T1_0.55-0.65,10000,51,0.00003262264468321328,0,0.2549019607843137,0.17647058823529413,0.0003504565917816564,0.0002847200114808284,-0.000038960121534131405,0.00007158276621734469,2,2,0,C) NO OBSERVED EDGE
B-STX_USDT,B_BEAR_T1_0.55-0.65,30000,51,0.000056558526174173964,0,0.3333333333333333,0.3333333333333333,0.0005150471243458145,0.000458347230087591,-0.00009514215722912275,0.0001517006834032967,7,5,0,B) WEAK
B-STX_USDT,B_BEAR_T1_0.55-0.65,60000,51,-0.00010099566516218436,-0.0004199034222129613,0.27450980392156865,0.5098039215686274,0.0007207468177147891,0.0007475132145208487,-0.00011353774715775917,0.000012542081995574816,15,12,0,C) NO OBSERVED EDGE
B-STX_USDT,B_BEAR_T1_0.55-0.65,180000,50,-0.000022955138753069977,0,0.46,0.4,0.0010421574009125121,0.0011603738099739685,-0.00017396131136156908,0.0001510061726084991,22,17,0,B) WEAK
B-STX_USDT,D_SELL_SURGE,5000,19,0.000221179296433187,0,0.42105263157894735,0.05263157894736842,0.0004539398800729618,0.0002105578504833318,-0.000025039275973239875,0.00024621857240642687,2,0,0,B) WEAK
B-STX_USDT,D_SELL_SURGE,10000,19,0.00024354921071373316,0,0.42105263157894735,0.05263157894736842,0.0005425828338379717,0.000232760583639781,-0.000038960121534131405,0.00028250933224786454,2,0,0,B) WEAK
B-STX_USDT,D_SELL_SURGE,30000,19,0.00017644739895353564,0,0.42105263157894735,0.21052631578947367,0.0005868576838290369,0.00034378367492726497,-0.00009514215722912275,0.0002715895561826584,3,2,0,B) WEAK
B-STX_USDT,D_SELL_SURGE,60000,19,0.00013157586473301578,0,0.47368421052631576,0.2631578947368421,0.0007859835016911442,0.0004769909322672354,-0.00011353774715775917,0.00024511361189077496,6,3,0,B) WEAK
B-STX_USDT,D_SELL_SURGE,180000,19,0.0002639433486403294,0.0004209640075773058,0.5263157894736842,0.3684210526315789,0.0013171250631430315,0.0009432304699128509,-0.00017396131136156908,0.00043790466000189843,11,7,0,B) WEAK
B-STX_USDT,A_BULL_T1_0.55-0.65,5000,41,0.00007168244832975216,0,0.21951219512195122,0.0975609756097561,0.00027182222002950326,0.0002206575809172941,0.000025039275973239875,0.00004664317235651228,2,0,0,C) NO OBSERVED EDGE
B-STX_USDT,A_BULL_T1_0.55-0.65,10000,41,0.00009230365428430687,0,0.24390243902439024,0.0975609756097561,0.00035391873029216533,0.0002514685171344588,0.000038960121534131405,0.000053343532750175464,2,0,0,C) NO OBSERVED EDGE
B-STX_USDT,A_BULL_T1_0.55-0.65,30000,40,0.00016804756166141445,0,0.35,0.25,0.0006718962899644967,0.0003745698846017347,0.00009514215722912275,0.0000729054044322917,9,3,0,C) NO OBSERVED EDGE
B-STX_USDT,A_BULL_T1_0.55-0.65,60000,40,0.00033656199462918547,0.0004213187276173962,0.55,0.375,0.001010416418928404,0.0005591593374198055,0.00011353774715775917,0.0002230242474714263,15,7,0,B) WEAK
B-STX_USDT,A_BULL_T1_0.55-0.65,180000,38,0.0004984086279146349,0,0.39473684210526316,0.3157894736842105,0.0016872007231017437,0.0008769208378445377,0.00017396131136156908,0.00032444731655306583,24,15,0,B) WEAK
B-STX_USDT,B_BEAR_T1_0.65-0.75,5000,64,-0.00006237337547102651,0,0.078125,0.15625,0.00024001033852585757,0.00027942343061486863,-0.000025039275973239875,-0.000037334099497786636,0,3,0,C) NO OBSERVED EDGE
B-STX_USDT,B_BEAR_T1_0.65-0.75,10000,64,-0.00003607808319900009,0,0.203125,0.1875,0.00028605340028678054,0.00035170263029767686,-0.000038960121534131405,0.0000028820383351313176,1,6,0,C) NO OBSERVED EDGE
B-STX_USDT,B_BEAR_T1_0.65-0.75,30000,63,0.000039899344457811096,0,0.38095238095238093,0.30158730158730157,0.0005816114485623641,0.0005554392136078394,-0.00009514215722912275,0.00013504150168693385,13,14,0,B) WEAK
B-STX_USDT,B_BEAR_T1_0.65-0.75,60000,62,0.00003035890791663146,0.0004190236748376985,0.5,0.3225806451612903,0.0007460123586413807,0.000739494282990313,-0.00011353774715775917,0.00014389665507439064,14,21,0,B) WEAK
B-STX_USDT,B_BEAR_T1_0.65-0.75,180000,61,-0.00017772756905474495,-0.00042007981516495167,0.4262295081967213,0.5081967213114754,0.001159346837140278,0.0013581136681194324,-0.00017396131136156908,-0.0000037662576931758707,23,36,0,C) NO OBSERVED EDGE
B-STX_USDT,A_BULL_T1_0.75-0.85,5000,83,-0.00004040044884335756,0,0.12048192771084337,0.1566265060240964,0.000286366514936937,0.00029136368785851336,0.000025039275973239875,-0.00006543972481659743,1,5,0,C) NO OBSERVED EDGE
B-STX_USDT,A_BULL_T1_0.75-0.85,10000,83,-0.000058016776539828745,0,0.1566265060240964,0.21686746987951808,0.00030665401783488023,0.00033183447971274027,0.000038960121534131405,-0.00009697689807396014,2,8,0,C) NO OBSERVED EDGE
B-STX_USDT,A_BULL_T1_0.75-0.85,30000,83,-0.00001992573676162914,0,0.27710843373493976,0.3493975903614458,0.00045363400627046485,0.0005089693939103824,0.00009514215722912275,-0.0001150678939907519,11,15,0,B) WEAK
B-STX_USDT,A_BULL_T1_0.75-0.85,60000,82,0.00004138937115836798,0,0.3170731707317073,0.3902439024390244,0.0006664609202642032,0.0006405768775348369,0.00011353774715775917,-0.0000721483759993912,18,22,0,C) NO OBSERVED EDGE
B-STX_USDT,A_BULL_T1_0.75-0.85,180000,81,0.00037991776299886723,0,0.4567901234567901,0.37037037037037035,0.0014518162202184607,0.0010052287109246045,0.00017396131136156908,0.00020595645163729815,36,37,0,B) WEAK
B-STX_USDT,A_BULL_T1_0.65-0.75,5000,47,0.0000761669769131566,0,0.2553191489361702,0.10638297872340426,0.0003311426680624826,0.0002683441505524812,0.000025039275973239875,0.000051127700939916725,1,1,0,C) NO OBSERVED EDGE
B-STX_USDT,A_BULL_T1_0.65-0.75,10000,47,0.00005387672565417178,0,0.3191489361702128,0.2553191489361702,0.00040263111409785115,0.00032189671599277273,0.000038960121534131405,0.000014916604120040374,3,2,0,C) NO OBSERVED EDGE
B-STX_USDT,A_BULL_T1_0.65-0.75,30000,47,0.00010736084295323891,0,0.3829787234042553,0.2765957446808511,0.0006081433451485669,0.000509656847407922,0.00009514215722912275,0.000012218685724116159,10,4,0,C) NO OBSERVED EDGE
B-STX_USDT,A_BULL_T1_0.65-0.75,60000,46,-0.000013624273034596063,0,0.30434782608695654,0.3695652173913043,0.0007691722650611147,0.0006883976148702499,0.00011353774715775917,-0.00012716202019235525,15,10,0,B) WEAK
B-STX_USDT,A_BULL_T1_0.65-0.75,180000,45,-0.00023647678852502864,-0.0004193751310546823,0.3333333333333333,0.5555555555555556,0.001225964540599822,0.00118881218486352,0.00017396131136156908,-0.00041043809988659775,24,22,0,B) WEAK
B-TIA_USDT,A_BULL_T1_0.65-0.75,5000,66,-0.00002734766732480392,0,0.18181818181818182,0.18181818181818182,0.0001885202946501839,0.00022506201700497712,0.000020118075413262006,-0.00004746574273806592,0,3,0,C) NO OBSERVED EDGE
B-TIA_USDT,A_BULL_T1_0.65-0.75,10000,66,-0.00002266447922703825,0,0.2727272727272727,0.24242424242424243,0.0002483361907285078,0.0002709731200045033,0.000012216844508974964,-0.00003488132373601321,1,5,0,C) NO OBSERVED EDGE
B-TIA_USDT,A_BULL_T1_0.65-0.75,30000,66,0.00004400005063655636,0,0.4090909090909091,0.3484848484848485,0.0005058028775627665,0.00045934461570608083,0.0000688772430582712,-0.000024877192421714832,10,10,0,C) NO OBSERVED EDGE
B-TIA_USDT,A_BULL_T1_0.65-0.75,60000,64,0.00003866107305213467,0,0.453125,0.4375,0.0007817354072629743,0.0006661709936341881,0.00012003569071971624,-0.00008137461766758158,20,22,0,C) NO OBSERVED EDGE
B-TIA_USDT,A_BULL_T1_0.65-0.75,180000,61,-0.00009115745633148637,0.0003027092477674859,0.5245901639344263,0.36065573770491804,0.001418064911827329,0.0012077808874308203,0.00034374153702016895,-0.00043489899335165535,34,27,0,B) WEAK
B-TIA_USDT,C_BUY_SURGE,5000,23,5.441558192604141e-7,0,0.21739130434782608,0.30434782608695654,0.0002971241393250484,0.00024383756176240312,0.000020118075413262006,-0.00001957391959400159,2,0,0,C) NO OBSERVED EDGE
B-TIA_USDT,C_BUY_SURGE,10000,23,-0.00001221282296632546,0,0.2608695652173913,0.34782608695652173,0.0003367599336983777,0.0003492165675768361,0.000012216844508974964,-0.000024429667475300426,2,1,0,C) NO OBSERVED EDGE
B-TIA_USDT,C_BUY_SURGE,30000,23,-0.0001044617189825595,-0.0003030762236703879,0.34782608695652173,0.5652173913043478,0.0005081747842500664,0.000573255531519403,0.0000688772430582712,-0.0001733389620408307,3,3,0,B) WEAK
B-TIA_USDT,C_BUY_SURGE,60000,23,-0.00002556638372847214,0,0.34782608695652173,0.4782608695652174,0.0007589381979383543,0.0007973427124690467,0.00012003569071971624,-0.00014560207444818838,5,8,0,B) WEAK
B-TIA_USDT,C_BUY_SURGE,180000,23,0.00005535545958684597,-0.00030381285128357584,0.43478260869565216,0.5217391304347826,0.0016173226927347726,0.001284666320745264,0.00034374153702016895,-0.00028838607743332295,10,12,0,B) WEAK
B-TIA_USDT,A_BULL_T1_>0.85,5000,140,0.0001517733584926976,0,0.39285714285714285,0.09285714285714286,0.00030342242029340205,0.00017335537405803128,0.000020118075413262006,0.0001316552830794356,2,1,0,B) WEAK
B-TIA_USDT,A_BULL_T1_>0.85,10000,140,0.00016817446321834025,0,0.45,0.1357142857142857,0.0004204894931154375,0.00020146953536107363,0.000012216844508974964,0.0001559576187093653,13,1,0,B) WEAK
B-TIA_USDT,A_BULL_T1_>0.85,30000,138,0.00017646164142348653,0,0.47101449275362317,0.3188405797101449,0.0006786329407442362,0.0003768458714058081,0.0000688772430582712,0.00010758439836521533,32,14,0,B) WEAK
B-TIA_USDT,A_BULL_T1_>0.85,60000,138,0.00025177392386402007,0,0.45652173913043476,0.4057971014492754,0.0009736614901363173,0.000586842392583756,0.00012003569071971624,0.00013173823314430384,49,30,0,B) WEAK
B-TIA_USDT,A_BULL_T1_>0.85,180000,133,0.0006796881007813113,0.0006079951360388446,0.5939849624060151,0.3458646616541353,0.001808757324650423,0.0009674496413401336,0.00034374153702016895,0.0003359465637611423,79,45,0,B) WEAK
B-TIA_USDT,A_BULL_T1_0.55-0.65,5000,51,0.000005875992903924155,0,0.17647058823529413,0.1568627450980392,0.0002290280664534925,0.00020531665800638032,0.000020118075413262006,-0.000014242082509337851,1,1,0,C) NO OBSERVED EDGE
B-TIA_USDT,A_BULL_T1_0.55-0.65,10000,51,-0.00000306226292902556,0,0.23529411764705882,0.23529411764705882,0.0002885310434390309,0.00028270709809632803,0.000012216844508974964,-0.000015279107438000524,4,2,0,C) NO OBSERVED EDGE
B-TIA_USDT,A_BULL_T1_0.55-0.65,30000,51,0.00008344172399182712,0,0.43137254901960786,0.35294117647058826,0.0005145919243322961,0.000520465926312662,0.0000688772430582712,0.000014564480933555924,10,7,0,C) NO OBSERVED EDGE
B-TIA_USDT,A_BULL_T1_0.55-0.65,60000,51,0.0002504568471754903,0.000303536196691422,0.5490196078431373,0.39215686274509803,0.0008419186893051726,0.0006569504150171079,0.00012003569071971624,0.0001304211564557741,16,14,0,B) WEAK
B-TIA_USDT,A_BULL_T1_0.55-0.65,180000,50,0.0007526766279143873,0.0006089206880803104,0.74,0.24,0.0017400726968500636,0.0008114628058470435,0.00034374153702016895,0.0004089350908942184,27,16,0,B) WEAK
B-TIA_USDT,B_BEAR_T1_>0.85,5000,85,0.0001247468693825493,0,0.4117647058823529,0.07058823529411765,0.0002871301298249501,0.00017670136389918268,-0.000020118075413262006,0.00014486494479581133,1,1,0,B) WEAK
B-TIA_USDT,B_BEAR_T1_>0.85,10000,85,0.00012290715200790226,0,0.4823529411764706,0.17647058823529413,0.00036201967850467317,0.00021949552075064418,-0.000012216844508974964,0.00013512399651687722,3,2,0,B) WEAK
B-TIA_USDT,B_BEAR_T1_>0.85,30000,84,0.0001397838436337208,0,0.47619047619047616,0.34523809523809523,0.0006076711410220338,0.00038017980128257005,-0.0000688772430582712,0.000208661086691992,16,8,0,B) WEAK
B-TIA_USDT,B_BEAR_T1_>0.85,60000,83,0.00004594226687343768,0,0.4578313253012048,0.40963855421686746,0.0007748622953216423,0.0005981525902813564,-0.00012003569071971624,0.00016597795759315393,25,17,0,B) WEAK
B-TIA_USDT,B_BEAR_T1_>0.85,180000,81,-0.00015741291979128004,-0.0003039051815833125,0.3333333333333333,0.5802469135802469,0.0012018260643198101,0.0013983639339095702,-0.00034374153702016895,0.0001863286172288889,37,38,0,B) WEAK
B-TIA_USDT,B_BEAR_T1_0.65-0.75,5000,36,0.000025033983923527037,0,0.2777777777777778,0.2777777777777778,0.00021067532918104428,0.00021922725807025574,-0.000020118075413262006,0.00004515205933678904,0,1,0,C) NO OBSERVED EDGE
B-TIA_USDT,B_BEAR_T1_0.65-0.75,10000,35,0.000017157515664175167,0,0.2857142857142857,0.37142857142857144,0.0003116785425085363,0.0003118602578886207,-0.000012216844508974964,0.00002937436017315013,2,1,0,C) NO OBSERVED EDGE
B-TIA_USDT,B_BEAR_T1_0.65-0.75,30000,35,-0.00015189128941618508,0,0.37142857142857144,0.45714285714285713,0.000454964566640276,0.0005899860488033028,-0.0000688772430582712,-0.00008301404635791389,5,8,0,C) NO OBSERVED EDGE
B-TIA_USDT,B_BEAR_T1_0.65-0.75,60000,35,-0.00014380013488735836,0,0.45714285714285713,0.45714285714285713,0.0006737299207418283,0.0009355933102530357,-0.00012003569071971624,-0.000023764444167642118,10,14,0,C) NO OBSERVED EDGE
B-TIA_USDT,B_BEAR_T1_0.65-0.75,180000,35,-0.0003568494792361672,-0.0009089531889108391,0.3142857142857143,0.6,0.0011790020484961756,0.0015512522092620982,-0.00034374153702016895,-0.000013107942215998252,16,17,0,C) NO OBSERVED EDGE
B-TIA_USDT,B_BEAR_T1_0.55-0.65,5000,35,0.00005207737212080255,0,0.22857142857142856,0.11428571428571428,0.00022100223755873897,0.00018626252282732828,-0.000020118075413262006,0.00007219544753406456,1,0,0,C) NO OBSERVED EDGE
B-TIA_USDT,B_BEAR_T1_0.55-0.65,10000,35,-0.000017213306610966176,0,0.2571428571428571,0.2571428571428571,0.0003249385507670947,0.00023826869284071942,-0.000012216844508974964,-0.0000049964621019912115,1,1,0,C) NO OBSERVED EDGE
B-TIA_USDT,B_BEAR_T1_0.55-0.65,30000,35,0.000026028036542889705,0,0.37142857142857144,0.34285714285714286,0.0004634160860101216,0.0004114556381582252,-0.0000688772430582712,0.0000949052796011609,6,2,0,C) NO OBSERVED EDGE
B-TIA_USDT,B_BEAR_T1_0.55-0.65,60000,35,-0.00011366553379041266,-0.0003027092477674859,0.4,0.5142857142857142,0.000679916265692961,0.0008627540697352502,-0.00012003569071971624,0.0000063701569293035854,13,7,0,C) NO OBSERVED EDGE
B-TIA_USDT,B_BEAR_T1_0.55-0.65,180000,34,-0.00014443348261347391,0,0.35294117647058826,0.5,0.001173384911999629,0.0015651912830825234,-0.00034374153702016895,0.00019930805440669503,16,15,0,B) WEAK
B-TIA_USDT,A_BULL_T1_0.75-0.85,5000,59,0.000046235916371551144,0,0.2542372881355932,0.15254237288135594,0.00022882882081011778,0.00018774697950865686,0.000020118075413262006,0.000026117840958289138,2,0,0,C) NO OBSERVED EDGE
B-TIA_USDT,A_BULL_T1_0.75-0.85,10000,59,0.00004642631102726087,0,0.2542372881355932,0.2033898305084746,0.0003059933826319396,0.00022884385794207473,0.000012216844508974964,0.000034209466518285907,5,1,0,C) NO OBSERVED EDGE
B-TIA_USDT,A_BULL_T1_0.75-0.85,30000,59,0.00008790093119684786,0,0.4067796610169492,0.3559322033898305,0.0005941774348911562,0.0004344217411811734,0.0000688772430582712,0.000019023688138576663,12,5,0,C) NO OBSERVED EDGE
B-TIA_USDT,A_BULL_T1_0.75-0.85,60000,58,0.00008420352565126436,0.000303536196691422,0.5344827586206896,0.3620689655172414,0.0007588520452283127,0.0005319512064040012,0.00012003569071971624,-0.00003583216506845189,19,10,0,C) NO OBSERVED EDGE
B-TIA_USDT,A_BULL_T1_0.75-0.85,180000,53,0.000299200865905319,0.0003045530683721303,0.6415094339622641,0.2830188679245283,0.0013504203556455084,0.000824508251575036,0.00034374153702016895,-0.00004454067111484992,32,14,0,C) NO OBSERVED EDGE
B-TIA_USDT,B_BEAR_T1_0.75-0.85,5000,36,-0.000008403810521551379,0,0.2777777777777778,0.19444444444444445,0.00024436228828069996,0.0002527562945716236,-0.000020118075413262006,0.000011714264891710627,1,1,0,C) NO OBSERVED EDGE
B-TIA_USDT,B_BEAR_T1_0.75-0.85,10000,36,-0.000058817301241570896,0,0.2777777777777778,0.3333333333333333,0.0002948017692262935,0.00031171638736467107,-0.000012216844508974964,-0.00004660045673259593,1,1,0,C) NO OBSERVED EDGE
B-TIA_USDT,B_BEAR_T1_0.75-0.85,30000,36,-0.00018144259428680458,0,0.25,0.3888888888888889,0.0004377125951860316,0.0006317075256611351,-0.0000688772430582712,-0.00011256535122853339,5,8,0,B) WEAK
B-TIA_USDT,B_BEAR_T1_0.75-0.85,60000,36,-0.000026061184557874534,0,0.4166666666666667,0.4722222222222222,0.0006146881281366382,0.0007833918916879905,-0.00012003569071971624,0.00009397450616184171,7,9,0,C) NO OBSERVED EDGE
B-TIA_USDT,B_BEAR_T1_0.75-0.85,180000,36,-0.00013737426484333655,0,0.3611111111111111,0.4722222222222222,0.0010682061695815714,0.0013568578674069485,-0.00034374153702016895,0.0002063672721768324,11,15,0,B) WEAK
B-TIA_USDT,D_SELL_SURGE,5000,16,0.00011400515255225402,0,0.4375,0.1875,0.0002654692018606702,0.00022732549452159144,-0.000020118075413262006,0.00013412322796551603,0,0,0,B) WEAK
B-TIA_USDT,D_SELL_SURGE,10000,16,0.00007602279965748121,0,0.4375,0.25,0.00036023280948124385,0.00026514125613102604,-0.000012216844508974964,0.00008823964416645617,1,0,0,C) NO OBSERVED EDGE
B-TIA_USDT,D_SELL_SURGE,30000,16,-0.000265140672918261,-0.0003024345985180372,0.375,0.5625,0.0004929446074498525,0.0006820684466605233,-0.0000688772430582712,-0.00019626342985998982,3,4,0,B) WEAK
B-TIA_USDT,D_SELL_SURGE,60000,16,-0.0004731964808302289,0,0.4375,0.5,0.0005877770926339771,0.0012124253994933115,-0.00012003569071971624,-0.00035316079011051265,3,8,0,B) WEAK
B-TIA_USDT,D_SELL_SURGE,180000,15,-0.0009704127596115061,-0.0012101043715020768,0.13333333333333333,0.7333333333333333,0.0009474918799888923,0.0018188066074353183,-0.00034374153702016895,-0.0006266712225913372,6,9,0,B) WEAK
