candidate,TP,SL,signal_ts,direction,entry,exit_ts,exit_price,reason,hold_ms,gross_pnl,fees,net_pnl
B,0.2,0.15,1789736948296,SHORT,105.62,1789737390622,105.78,SL,442326,-0.0224,0.0296,-0.0520
B,0.2,0.15,1789736988436,LONG,105.64,1789737495061,105.86,TP,506625,0.0308,0.0296,0.0012
B,0.2,0.15,1789737002128,LONG,105.61,1789737494555,105.85,TP,492427,0.0336,0.0296,0.0040
B,0.2,0.15,1789737004165,SHORT,105.59,1789737385210,105.75,SL,381045,-0.0224,0.0296,-0.0520
B,0.2,0.15,1789737008174,LONG,105.61,1789737494555,105.85,TP,486381,0.0336,0.0296,0.0040
B,0.2,0.15,1789737018795,SHORT,105.61,1789737388108,105.77,SL,369313,-0.0224,0.0296,-0.0520
B,0.2,0.15,1789737030479,LONG,105.62,1789737494555,105.85,TP,464076,0.0322,0.0296,0.0026
B,0.2,0.15,1789737032494,LONG,105.64,1789737495061,105.86,TP,462567,0.0308,0.0296,0.0012
B,0.2,0.15,1789737034008,LONG,105.64,1789737495061,105.86,TP,461053,0.0308,0.0296,0.0012
B,0.2,0.15,1789737057793,LONG,105.62,1789737494555,105.85,TP,436762,0.0322,0.0296,0.0026
B,0.2,0.15,1789737059319,LONG,105.63,1789737494555,105.85,TP,435236,0.0308,0.0296,0.0012
B,0.2,0.15,1789737062867,SHORT,105.62,1789737390622,105.78,SL,327755,-0.0224,0.0296,-0.0520
B,0.2,0.15,1789737071973,SHORT,105.61,1789737388108,105.77,SL,316135,-0.0224,0.0296,-0.0520
B,0.2,0.15,1789737076027,LONG,105.6,1789737494073,105.82,TP,418046,0.0308,0.0296,0.0012
B,0.2,0.15,1789737107395,SHORT,105.62,1789737390622,105.78,SL,283227,-0.0224,0.0296,-0.0520
B,0.2,0.15,1789737110416,SHORT,105.59,1789737385210,105.75,SL,274794,-0.0224,0.0296,-0.0520
B,0.2,0.15,1789737126637,LONG,105.61,1789737494555,105.85,TP,367918,0.0336,0.0296,0.0040
B,0.2,0.15,1789737169664,LONG,105.61,1789737494555,105.85,TP,324891,0.0336,0.0296,0.0040
B,0.2,0.15,1789737173194,LONG,105.59,1789737494073,105.82,TP,320879,0.0322,0.0296,0.0026
B,0.2,0.15,1789737184910,LONG,105.6,1789737494073,105.82,TP,309163,0.0308,0.0296,0.0012
B,0.2,0.15,1789737187440,LONG,105.59,1789737494073,105.82,TP,306633,0.0322,0.0296,0.0026
B,0.2,0.15,1789737193502,LONG,105.6,1789737494073,105.82,TP,300571,0.0308,0.0296,0.0012
B,0.2,0.15,1789737195007,SHORT,105.58,1789737385210,105.75,SL,190203,-0.0238,0.0296,-0.0534
B,0.2,0.15,1789737199279,LONG,105.61,1789737494555,105.85,TP,295276,0.0336,0.0296,0.0040
B,0.2,0.15,1789737206609,SHORT,105.62,1789737390622,105.78,SL,184013,-0.0224,0.0296,-0.0520
B,0.2,0.15,1789737208112,SHORT,105.61,1789737388108,105.77,SL,179996,-0.0224,0.0296,-0.0520
B,0.2,0.15,1789737209644,SHORT,105.61,1789737388108,105.77,SL,178464,-0.0224,0.0296,-0.0520
B,0.2,0.15,1789737215717,LONG,105.59,1789737494073,105.82,TP,278356,0.0322,0.0296,0.0026
B,0.2,0.15,1789737219262,LONG,105.61,1789737494555,105.85,TP,275293,0.0336,0.0296,0.0040
B,0.2,0.15,1789737244623,LONG,105.64,1789737495061,105.86,TP,250438,0.0308,0.0296,0.0012
B,0.2,0.15,1789737246635,LONG,105.64,1789737495061,105.86,TP,248426,0.0308,0.0296,0.0012
B,0.2,0.15,1789737247659,LONG,105.64,1789737495061,105.86,TP,247402,0.0308,0.0296,0.0012
B,0.2,0.15,1789737261415,LONG,105.63,1789737494555,105.85,TP,233140,0.0308,0.0296,0.0012
B,0.2,0.15,1789737265459,LONG,105.63,1789737494555,105.85,TP,229096,0.0308,0.0296,0.0012
B,0.2,0.15,1789737267498,LONG,105.64,1789737495061,105.86,TP,227563,0.0308,0.0296,0.0012
B,0.2,0.15,1789737269519,LONG,105.65,1789737515255,105.88,TP,245736,0.0322,0.0296,0.0026
B,0.2,0.15,1789737280709,SHORT,105.64,1789737482425,105.8,SL,201716,-0.0224,0.0296,-0.0520
B,0.2,0.15,1789737285799,LONG,105.63,1789737494555,105.85,TP,208756,0.0308,0.0296,0.0012
B,0.2,0.15,1789737289864,LONG,105.63,1789737494555,105.85,TP,204691,0.0308,0.0296,0.0012
B,0.2,0.15,1789737299008,SHORT,105.61,1789737388108,105.77,SL,89100,-0.0224,0.0296,-0.0520
B,0.2,0.15,1789737308613,LONG,105.61,1789737494555,105.85,TP,185942,0.0336,0.0296,0.0040
B,0.2,0.15,1789737318204,LONG,105.62,1789737494555,105.85,TP,176351,0.0322,0.0296,0.0026
B,0.2,0.15,1789737332922,LONG,105.61,1789737494555,105.85,TP,161633,0.0336,0.0296,0.0040
B,0.2,0.15,1789737341003,SHORT,105.6,1789737388108,105.77,SL,47105,-0.0238,0.0296,-0.0534
B,0.2,0.15,1789737345587,LONG,105.61,1789737494555,105.85,TP,148968,0.0336,0.0296,0.0040
B,0.2,0.15,1789737360307,LONG,105.63,1789737494555,105.85,TP,134248,0.0308,0.0296,0.0012
B,0.2,0.15,1789737367913,LONG,105.64,1789737495061,105.86,TP,127148,0.0308,0.0296,0.0012
B,0.2,0.15,1789737373993,LONG,105.66,1789737515255,105.88,TP,141262,0.0308,0.0296,0.0012
B,0.2,0.15,1789737380029,SHORT,105.66,1789737494073,105.83,SL,114044,-0.0238,0.0296,-0.0534
B,0.2,0.15,1789737385716,LONG,105.73,1789737663466,105.95,TP,277750,0.0308,0.0296,0.0012
B,0.2,0.15,1789737386601,LONG,105.73,1789737663466,105.95,TP,276865,0.0308,0.0296,0.0012
B,0.2,0.15,1789737387605,LONG,105.75,1789737691313,105.97,TP,303708,0.0308,0.0296,0.0012
B,0.2,0.15,1789737390622,LONG,105.78,1789737769743,106,TP,379121,0.0308,0.0296,0.0012
B,0.2,0.15,1789737438326,LONG,105.79,1789737773819,106.01,TP,335493,0.0308,0.0297,0.0011
B,0.2,0.15,1789737481889,LONG,105.79,1789737773819,106.01,TP,291930,0.0308,0.0297,0.0011
B,0.2,0.15,1789737493544,LONG,105.81,1789737778917,106.03,TP,285373,0.0308,0.0297,0.0011
B,0.2,0.15,1789737502102,SHORT,105.84,1789737726711,106,SL,224609,-0.0224,0.0297,-0.0521
B,0.2,0.15,1789737505134,SHORT,105.84,1789737726711,106,SL,221577,-0.0224,0.0297,-0.0521
B,0.2,0.15,1789737508175,LONG,105.86,1789737847788,105.88,OPEN_AT_SESSION_END,339613,0.0028,0.0296,-0.0268
B,0.2,0.15,1789737515255,LONG,105.89,1789737847788,105.88,OPEN_AT_SESSION_END,332533,-0.0014,0.0296,-0.0310
B,0.2,0.15,1789737525846,LONG,105.89,1789737847788,105.88,OPEN_AT_SESSION_END,321942,-0.0014,0.0296,-0.0310
B,0.2,0.15,1789737551653,LONG,105.88,1789737847788,105.88,OPEN_AT_SESSION_END,296135,0.0000,0.0296,-0.0296
B,0.2,0.15,1789737555709,LONG,105.88,1789737847788,105.88,OPEN_AT_SESSION_END,292079,0.0000,0.0296,-0.0296
B,0.2,0.15,1789737560759,SHORT,105.9,1789737847788,105.89,OPEN_AT_SESSION_END,287029,0.0014,0.0297,-0.0283
B,0.2,0.15,1789737574970,LONG,105.91,1789737847788,105.88,OPEN_AT_SESSION_END,272818,-0.0042,0.0297,-0.0339
B,0.2,0.15,1789737578521,LONG,105.93,1789737847788,105.88,OPEN_AT_SESSION_END,269267,-0.0070,0.0297,-0.0367
B,0.2,0.15,1789737581552,LONG,105.93,1789737847788,105.88,OPEN_AT_SESSION_END,266236,-0.0070,0.0297,-0.0367
B,0.2,0.15,1789737586105,LONG,105.93,1789737847788,105.88,OPEN_AT_SESSION_END,261683,-0.0070,0.0297,-0.0367
B,0.2,0.15,1789737612396,SHORT,105.89,1789737847788,105.89,OPEN_AT_SESSION_END,235392,0.0000,0.0296,-0.0296
B,0.2,0.15,1789737617428,LONG,105.9,1789737847788,105.88,OPEN_AT_SESSION_END,230360,-0.0028,0.0296,-0.0324
B,0.2,0.15,1789737623007,LONG,105.92,1789737847788,105.88,OPEN_AT_SESSION_END,224781,-0.0056,0.0297,-0.0353
B,0.2,0.15,1789737624517,SHORT,105.91,1789737847788,105.89,OPEN_AT_SESSION_END,223271,0.0028,0.0297,-0.0269
B,0.2,0.15,1789737627049,SHORT,105.91,1789737847788,105.89,OPEN_AT_SESSION_END,220739,0.0028,0.0297,-0.0269
B,0.2,0.15,1789737638684,LONG,105.9,1789737847788,105.88,OPEN_AT_SESSION_END,209104,-0.0028,0.0296,-0.0324
B,0.2,0.15,1789737641748,LONG,105.91,1789737847788,105.88,OPEN_AT_SESSION_END,206040,-0.0042,0.0297,-0.0339
B,0.2,0.15,1789737649824,LONG,105.92,1789737847788,105.88,OPEN_AT_SESSION_END,197964,-0.0056,0.0297,-0.0353
B,0.2,0.15,1789737659932,LONG,105.92,1789737847788,105.88,OPEN_AT_SESSION_END,187856,-0.0056,0.0297,-0.0353
B,0.2,0.15,1789737662963,LONG,105.95,1789737847788,105.88,OPEN_AT_SESSION_END,184825,-0.0098,0.0297,-0.0395
B,0.2,0.15,1789737676642,LONG,105.96,1789737847788,105.88,OPEN_AT_SESSION_END,171146,-0.0112,0.0297,-0.0409
B,0.2,0.15,1789737691313,LONG,105.98,1789737847788,105.88,OPEN_AT_SESSION_END,156475,-0.0140,0.0297,-0.0437
B,0.2,0.15,1789737701461,SHORT,105.97,1789737847788,105.89,OPEN_AT_SESSION_END,146327,0.0112,0.0297,-0.0185
B,0.2,0.15,1789737710057,SHORT,105.95,1789737847788,105.89,OPEN_AT_SESSION_END,137731,0.0084,0.0297,-0.0213
B,0.2,0.15,1789737716609,LONG,105.98,1789737847788,105.88,OPEN_AT_SESSION_END,131179,-0.0140,0.0297,-0.0437
B,0.2,0.15,1789737721166,SHORT,105.96,1789737847788,105.89,OPEN_AT_SESSION_END,126622,0.0098,0.0297,-0.0199
B,0.2,0.15,1789737740849,SHORT,105.98,1789737847788,105.89,OPEN_AT_SESSION_END,106939,0.0126,0.0297,-0.0171
B,0.2,0.15,1789737750997,LONG,105.98,1789737847788,105.88,OPEN_AT_SESSION_END,96791,-0.0140,0.0297,-0.0437
B,0.2,0.15,1789737776885,LONG,106.02,1789737818471,105.86,SL,41586,-0.0224,0.0297,-0.0521
B,0.2,0.15,1789737778409,LONG,106.03,1789737817971,105.87,SL,39562,-0.0224,0.0297,-0.0521
B,0.2,0.15,1789737801874,LONG,105.91,1789737847788,105.88,OPEN_AT_SESSION_END,45914,-0.0042,0.0297,-0.0339
B,0.2,0.15,1789737803806,SHORT,105.91,1789737847788,105.89,OPEN_AT_SESSION_END,43982,0.0028,0.0297,-0.0269
B,0.2,0.15,1789737818471,SHORT,105.86,1789737847788,105.89,OPEN_AT_SESSION_END,29317,-0.0042,0.0296,-0.0338
B,0.2,0.15,1789737822000,LONG,105.87,1789737847788,105.88,OPEN_AT_SESSION_END,25788,0.0014,0.0296,-0.0282
B,0.2,0.15,1789737832119,LONG,105.89,1789737847788,105.88,OPEN_AT_SESSION_END,15669,-0.0014,0.0296,-0.0310
B,0.2,0.15,1789737839202,LONG,105.91,1789737847788,105.88,OPEN_AT_SESSION_END,8586,-0.0042,0.0297,-0.0339
B,0.2,0.15,1789737844246,LONG,105.92,1789737847788,105.88,OPEN_AT_SESSION_END,3542,-0.0056,0.0297,-0.0353
B,0.2,0.15,1789737846271,SHORT,105.9,1789737847788,105.89,OPEN_AT_SESSION_END,1517,0.0014,0.0297,-0.0283