id,candidate,dir,ts,entry,mfe,mae,timeToMfe,timeToMae
0,A,SHORT,1789736948296,105.62,0.0379,0.0284,247207,86716
1,B,SHORT,1789736948296,105.62,0.0379,0.0284,247207,86716
2,C,SHORT,1789736948296,105.62,0.0379,0.0284,247207,86716
3,D,SHORT,1789736948296,105.62,0.0379,0.0284,247207,86716
4,A,SHORT,1789736949811,105.62,0.0379,0.0284,245692,85201
5,C,SHORT,1789736949811,105.62,0.0379,0.0284,245692,85201
6,A,SHORT,1789736955383,105.62,0.0379,0.0284,240120,79629
7,C,SHORT,1789736955383,105.62,0.0379,0.0284,240120,79629
8,A,SHORT,1789736971127,105.62,0.0379,0.0284,224376,63885
9,C,SHORT,1789736971127,105.62,0.0379,0.0284,224376,63885
10,A,LONG,1789736979772,105.64,0.0000,0.0663,0,215731
11,C,LONG,1789736979772,105.64,0.0000,0.0663,0,215731
12,A,LONG,1789736988436,105.64,0.0000,0.0663,0,207067
13,B,LONG,1789736988436,105.64,0.0000,0.0663,0,207067
14,C,LONG,1789736988436,105.64,0.0000,0.0663,0,207067
15,D,LONG,1789736988436,105.64,0.0000,0.0663,0,207067
16,A,LONG,1789737002128,105.61,0.0284,0.0379,32884,193375
17,B,LONG,1789737002128,105.61,0.0284,0.0379,32884,193375
18,C,LONG,1789737002128,105.61,0.0284,0.0379,32884,193375
19,D,LONG,1789737002128,105.61,0.0284,0.0379,32884,193375
20,A,SHORT,1789737004165,105.59,0.0095,0.0568,191338,30847
21,B,SHORT,1789737004165,105.59,0.0095,0.0568,191338,30847
22,C,SHORT,1789737004165,105.59,0.0095,0.0568,191338,30847
23,D,SHORT,1789737004165,105.59,0.0095,0.0568,191338,30847
24,A,LONG,1789737006174,105.61,0.0284,0.0379,28838,189329
25,C,LONG,1789737006174,105.61,0.0284,0.0379,28838,189329
26,B,LONG,1789737008174,105.61,0.0284,0.0379,26838,187329
27,D,LONG,1789737008174,105.61,0.0284,0.0379,26838,187329
28,A,LONG,1789737013730,105.62,0.0189,0.0473,21282,181773
29,C,LONG,1789737013730,105.62,0.0189,0.0473,21282,181773
30,A,SHORT,1789737018795,105.61,0.0284,0.0379,176708,16217
31,B,SHORT,1789737018795,105.61,0.0284,0.0379,176708,16217
32,C,SHORT,1789737018795,105.61,0.0284,0.0379,176708,16217
33,D,SHORT,1789737018795,105.61,0.0284,0.0379,176708,16217
34,A,SHORT,1789737019818,105.6,0.0189,0.0473,175685,15194
35,C,SHORT,1789737019818,105.6,0.0189,0.0473,175685,15194
36,A,LONG,1789737027429,105.6,0.0379,0.0284,7583,168074
37,C,LONG,1789737027429,105.6,0.0379,0.0284,7583,168074
38,A,LONG,1789737029476,105.61,0.0284,0.0379,5536,166027
39,C,LONG,1789737029476,105.61,0.0284,0.0379,5536,166027
40,A,LONG,1789737030479,105.62,0.0189,0.0473,4533,165024
41,B,LONG,1789737030479,105.62,0.0189,0.0473,4533,165024
42,C,LONG,1789737030479,105.62,0.0189,0.0473,4533,165024
43,D,LONG,1789737030479,105.62,0.0189,0.0473,4533,165024
44,A,SHORT,1789737031485,105.62,0.0379,0.0284,164018,3527
45,A,LONG,1789737032494,105.64,0.0000,0.0663,0,163009
46,B,LONG,1789737032494,105.64,0.0000,0.0663,0,163009
47,C,LONG,1789737032494,105.64,0.0000,0.0663,0,163009
48,D,LONG,1789737032494,105.64,0.0000,0.0663,0,163009
49,A,LONG,1789737033513,105.64,0.0000,0.0663,0,161990
50,C,LONG,1789737033513,105.64,0.0000,0.0663,0,161990
51,B,LONG,1789737034008,105.64,0.0000,0.0663,0,161495
52,D,LONG,1789737034008,105.64,0.0000,0.0663,0,161495
53,A,LONG,1789737036025,105.65,0.0000,0.0757,0,159478
54,C,LONG,1789737036025,105.65,0.0000,0.0757,0,159478
55,A,SHORT,1789737047655,105.63,0.0473,0.0189,147848,220350
56,C,SHORT,1789737047655,105.63,0.0473,0.0189,147848,220350
57,A,SHORT,1789737054270,105.63,0.0473,0.0189,141233,213735
58,C,SHORT,1789737054270,105.63,0.0473,0.0189,141233,213735
59,A,SHORT,1789737055270,105.61,0.0284,0.0379,140233,212735
60,C,SHORT,1789737055270,105.61,0.0284,0.0379,140233,212735
61,A,LONG,1789737057793,105.62,0.0189,0.0473,210212,137710
62,B,LONG,1789737057793,105.62,0.0189,0.0473,210212,137710
63,C,LONG,1789737057793,105.62,0.0189,0.0473,210212,137710
64,D,LONG,1789737057793,105.62,0.0189,0.0473,210212,137710
65,B,LONG,1789737059319,105.63,0.0095,0.0568,208686,136184
66,D,LONG,1789737059319,105.63,0.0095,0.0568,208686,136184
67,A,SHORT,1789737062335,105.62,0.0379,0.0284,133168,205670
68,C,SHORT,1789737062335,105.62,0.0379,0.0284,133168,205670
69,B,SHORT,1789737062867,105.62,0.0379,0.0284,132636,205138
70,D,SHORT,1789737062867,105.62,0.0379,0.0284,132636,205138
71,A,SHORT,1789737069934,105.62,0.0379,0.0284,125569,198071
72,C,SHORT,1789737069934,105.62,0.0379,0.0284,125569,198071
73,B,SHORT,1789737071973,105.61,0.0284,0.0379,123530,196032
74,D,SHORT,1789737071973,105.61,0.0284,0.0379,123530,196032
75,A,LONG,1789737075515,105.6,0.0568,0.0284,299468,119988
76,C,LONG,1789737075515,105.6,0.0568,0.0284,299468,119988
77,B,LONG,1789737076027,105.6,0.0568,0.0284,298956,119476
78,D,LONG,1789737076027,105.6,0.0568,0.0284,298956,119476
79,A,LONG,1789737082590,105.61,0.0568,0.0379,295916,112913
80,C,LONG,1789737082590,105.61,0.0568,0.0379,295916,112913
81,A,LONG,1789737087151,105.63,0.1041,0.0568,298059,108352
82,C,LONG,1789737087151,105.63,0.1041,0.0568,298059,108352
83,A,LONG,1789737088659,105.63,0.1231,0.0568,299449,106844
84,C,LONG,1789737088659,105.63,0.1231,0.0568,299449,106844
85,A,LONG,1789737089666,105.62,0.1326,0.0473,298442,105837
86,A,LONG,1789737094209,105.63,0.1420,0.0568,297932,101294
87,C,LONG,1789737094209,105.63,0.1420,0.0568,297932,101294
88,A,SHORT,1789737098787,105.62,0.0379,0.1610,96716,293354
89,C,SHORT,1789737098787,105.62,0.0379,0.1610,96716,293354
90,A,SHORT,1789737099790,105.62,0.0379,0.1610,95713,292351
91,C,SHORT,1789737099790,105.62,0.0379,0.1610,95713,292351
92,A,SHORT,1789737107395,105.62,0.0379,0.1610,88108,284746
93,B,SHORT,1789737107395,105.62,0.0379,0.1610,88108,284746
94,C,SHORT,1789737107395,105.62,0.0379,0.1610,88108,284746
95,D,SHORT,1789737107395,105.62,0.0379,0.1610,88108,284746
96,A,SHORT,1789737110416,105.59,0.0095,0.1894,85087,281725
97,B,SHORT,1789737110416,105.59,0.0095,0.1894,85087,281725
98,A,SHORT,1789737112424,105.58,0.0000,0.1989,0,279717
99,C,SHORT,1789737112424,105.58,0.0000,0.1989,0,279717
100,A,LONG,1789737114960,105.6,0.1705,0.0284,277181,80543
101,C,LONG,1789737114960,105.6,0.1705,0.0284,277181,80543
102,A,LONG,1789737116986,105.6,0.1705,0.0284,275155,78517
103,C,LONG,1789737116986,105.6,0.1705,0.0284,275155,78517
104,A,LONG,1789737125618,105.61,0.1610,0.0379,266523,69885
105,C,LONG,1789737125618,105.61,0.1610,0.0379,266523,69885
106,B,LONG,1789737126637,105.61,0.1610,0.0379,265504,68866
107,D,LONG,1789737126637,105.61,0.1610,0.0379,265504,68866
108,A,LONG,1789737133261,105.61,0.1610,0.0379,258880,62242
109,C,LONG,1789737133261,105.61,0.1610,0.0379,258880,62242
110,A,SHORT,1789737141345,105.6,0.0189,0.1799,54158,250796
111,C,SHORT,1789737141345,105.6,0.0189,0.1799,54158,250796
112,A,SHORT,1789737145379,105.6,0.0189,0.1799,50124,246762
113,A,SHORT,1789737146881,105.6,0.0189,0.1799,48622,245260
114,C,SHORT,1789737146881,105.6,0.0189,0.1799,48622,245260
115,A,SHORT,1789737151941,105.58,0.0000,0.1989,0,240200
116,C,SHORT,1789737151941,105.58,0.0000,0.1989,0,240200
117,A,LONG,1789737152452,105.59,0.1799,0.0189,239689,43051
118,C,LONG,1789737152452,105.59,0.1799,0.0189,239689,43051
119,A,LONG,1789737153452,105.59,0.1799,0.0189,238689,42051
120,C,LONG,1789737153452,105.59,0.1799,0.0189,238689,42051
121,A,SHORT,1789737162588,105.59,0.0095,0.1894,32915,229553
122,C,SHORT,1789737162588,105.59,0.0095,0.1894,32915,229553
123,A,SHORT,1789737166142,105.59,0.0095,0.1894,29361,225999
124,C,SHORT,1789737166142,105.59,0.0095,0.1894,29361,225999
125,A,LONG,1789737167359,105.6,0.1705,0.0284,224782,28144
126,C,LONG,1789737167359,105.6,0.1705,0.0284,224782,28144
127,A,LONG,1789737169664,105.61,0.1610,0.0379,222477,25839
128,B,LONG,1789737169664,105.61,0.1610,0.0379,222477,25839
129,C,LONG,1789737169664,105.61,0.1610,0.0379,222477,25839
130,D,LONG,1789737169664,105.61,0.1610,0.0379,222477,25839
131,A,LONG,1789737170670,105.62,0.1515,0.0473,221471,24833
132,C,LONG,1789737170670,105.62,0.1515,0.0473,221471,24833
133,A,SHORT,1789737171687,105.59,0.0095,0.1894,23816,220454
134,C,SHORT,1789737171687,105.59,0.0095,0.1894,23816,220454
135,A,LONG,1789737173194,105.59,0.1799,0.0189,218947,22309
136,B,LONG,1789737173194,105.59,0.1799,0.0189,218947,22309
137,C,LONG,1789737173194,105.59,0.1799,0.0189,218947,22309
138,D,LONG,1789737173194,105.59,0.1799,0.0189,218947,22309
139,A,SHORT,1789737176251,105.6,0.0189,0.1799,19252,215890
140,C,SHORT,1789737176251,105.6,0.0189,0.1799,19252,215890
141,A,SHORT,1789737181360,105.6,0.0189,0.1799,14143,210781
142,C,SHORT,1789737181360,105.6,0.0189,0.1799,14143,210781
143,A,LONG,1789737184910,105.6,0.1799,0.0284,297515,10593
144,B,LONG,1789737184910,105.6,0.1799,0.0284,297515,10593
145,C,LONG,1789737184910,105.6,0.1799,0.0284,297515,10593
146,D,LONG,1789737184910,105.6,0.1799,0.0284,297515,10593
147,A,LONG,1789737187440,105.59,0.1989,0.0189,298005,8063
148,B,LONG,1789737187440,105.59,0.1989,0.0189,298005,8063
149,C,LONG,1789737187440,105.59,0.1989,0.0189,298005,8063
150,D,LONG,1789737187440,105.59,0.1989,0.0189,298005,8063
151,A,SHORT,1789737191484,105.59,0.0095,0.2084,4019,293961
152,C,SHORT,1789737191484,105.59,0.0095,0.2084,4019,293961
153,A,LONG,1789737193502,105.6,0.1894,0.0284,291943,2001
154,B,LONG,1789737193502,105.6,0.1894,0.0284,291943,2001
155,C,LONG,1789737193502,105.6,0.1894,0.0284,291943,2001
156,D,LONG,1789737193502,105.6,0.1894,0.0284,291943,2001
157,A,SHORT,1789737195007,105.58,0.0000,0.2747,0,300054
158,B,SHORT,1789737195007,105.58,0.0000,0.2747,0,300054
159,C,SHORT,1789737195007,105.58,0.0000,0.2747,0,300054
160,D,SHORT,1789737195007,105.58,0.0000,0.2747,0,300054
161,A,LONG,1789737199279,105.61,0.2367,0.0284,295782,16438
162,B,LONG,1789737199279,105.61,0.2367,0.0284,295782,16438
163,C,LONG,1789737199279,105.61,0.2367,0.0284,295782,16438
164,D,LONG,1789737199279,105.61,0.2367,0.0284,295782,16438
165,A,LONG,1789737202275,105.61,0.2367,0.0284,292786,13442
166,C,LONG,1789737202275,105.61,0.2367,0.0284,292786,13442
167,A,SHORT,1789737206609,105.62,0.0284,0.2367,9108,288452
168,B,SHORT,1789737206609,105.62,0.0284,0.2367,9108,288452
169,C,SHORT,1789737206609,105.62,0.0284,0.2367,9108,288452
170,D,SHORT,1789737206609,105.62,0.0284,0.2367,9108,288452
171,B,SHORT,1789737208112,105.61,0.0189,0.2462,7605,286949
172,D,SHORT,1789737208112,105.61,0.0189,0.2462,7605,286949
173,B,SHORT,1789737209644,105.61,0.0189,0.2462,6073,285417
174,D,SHORT,1789737209644,105.61,0.0189,0.2462,6073,285417
175,A,LONG,1789737211173,105.61,0.2367,0.0284,283888,4544
176,A,LONG,1789737215717,105.59,0.2746,0.0095,299538,0
177,B,LONG,1789737215717,105.59,0.2746,0.0095,299538,0
178,A,LONG,1789737219262,105.61,0.2557,0.0189,295993,3537
179,B,LONG,1789737219262,105.61,0.2557,0.0189,295993,3537
180,C,LONG,1789737219262,105.61,0.2557,0.0189,295993,3537
181,D,LONG,1789737219262,105.61,0.2557,0.0189,295993,3537
182,A,SHORT,1789737228848,105.62,0.0095,0.2651,70665,299010
183,C,SHORT,1789737228848,105.62,0.0095,0.2651,70665,299010
184,A,LONG,1789737244125,105.64,0.2367,0.0379,283733,55388
185,C,LONG,1789737244125,105.64,0.2367,0.0379,283733,55388
186,B,LONG,1789737244623,105.64,0.2367,0.0379,283235,54890
187,D,LONG,1789737244623,105.64,0.2367,0.0379,283235,54890
188,B,LONG,1789737246635,105.64,0.2367,0.0379,281223,52878
189,D,LONG,1789737246635,105.64,0.2367,0.0379,281223,52878
190,B,LONG,1789737247659,105.64,0.2367,0.0379,280199,51854
191,D,LONG,1789737247659,105.64,0.2367,0.0379,280199,51854
192,A,LONG,1789737250194,105.64,0.2367,0.0379,277664,49319
193,C,LONG,1789737250194,105.64,0.2367,0.0379,277664,49319
194,A,LONG,1789737258858,105.63,0.2556,0.0284,299370,40655
195,C,LONG,1789737258858,105.63,0.2556,0.0284,299370,40655
196,B,LONG,1789737261415,105.63,0.2556,0.0284,296813,38098
197,D,LONG,1789737261415,105.63,0.2556,0.0284,296813,38098
198,B,LONG,1789737265459,105.63,0.2556,0.0284,292769,34054
199,D,LONG,1789737265459,105.63,0.2556,0.0284,292769,34054
200,A,LONG,1789737266477,105.63,0.2556,0.0284,291751,33036
201,C,LONG,1789737266477,105.63,0.2556,0.0284,291751,33036
202,A,LONG,1789737267498,105.64,0.2461,0.0379,290730,32015
203,B,LONG,1789737267498,105.64,0.2461,0.0379,290730,32015
204,C,LONG,1789737267498,105.64,0.2461,0.0379,290730,32015
205,D,LONG,1789737267498,105.64,0.2461,0.0379,290730,32015
206,B,LONG,1789737269519,105.65,0.2366,0.0473,288709,29994
207,D,LONG,1789737269519,105.65,0.2366,0.0473,288709,29994
208,A,SHORT,1789737275644,105.63,0.0189,0.2651,23869,282584
209,C,SHORT,1789737275644,105.63,0.0189,0.2651,23869,282584
210,A,SHORT,1789737279187,105.64,0.0284,0.2745,20326,299334
211,C,SHORT,1789737279187,105.64,0.0284,0.2745,20326,299334
212,A,SHORT,1789737280234,105.64,0.0284,0.2745,19279,298287
213,C,SHORT,1789737280234,105.64,0.0284,0.2745,19279,298287
214,B,SHORT,1789737280709,105.64,0.0284,0.2745,18804,297812
215,D,SHORT,1789737280709,105.64,0.0284,0.2745,18804,297812
216,A,LONG,1789737285799,105.63,0.2745,0.0284,292722,13714
217,B,LONG,1789737285799,105.63,0.2745,0.0284,292722,13714
218,A,LONG,1789737287830,105.63,0.2745,0.0284,290691,11683
219,C,LONG,1789737287830,105.63,0.2745,0.0284,290691,11683
220,A,LONG,1789737289864,105.63,0.2745,0.0284,288657,9649
221,B,LONG,1789737289864,105.63,0.2745,0.0284,288657,9649
222,C,LONG,1789737289864,105.63,0.2745,0.0284,288657,9649
223,D,LONG,1789737289864,105.63,0.2745,0.0284,288657,9649
224,A,SHORT,1789737298483,105.61,0.0000,0.3030,0,280038
225,C,SHORT,1789737298483,105.61,0.0000,0.3030,0,280038
226,B,SHORT,1789737299008,105.61,0.0000,0.3030,0,279513
227,D,SHORT,1789737299008,105.61,0.0000,0.3030,0,279513
228,A,LONG,1789737308112,105.61,0.3125,0.0095,299752,0
229,C,LONG,1789737308112,105.61,0.3125,0.0095,299752,0
230,B,LONG,1789737308613,105.61,0.3125,0.0095,299251,0
231,D,LONG,1789737308613,105.61,0.3125,0.0095,299251,0
232,A,LONG,1789737318204,105.62,0.3030,0.0189,289660,13197
233,B,LONG,1789737318204,105.62,0.3030,0.0189,289660,13197
234,C,LONG,1789737318204,105.62,0.3030,0.0189,289660,13197
235,D,LONG,1789737318204,105.62,0.3030,0.0189,289660,13197
236,A,LONG,1789737322782,105.63,0.2935,0.0284,285082,8619
237,C,LONG,1789737322782,105.63,0.2935,0.0284,285082,8619
238,A,LONG,1789737332922,105.61,0.3125,0.0095,274942,0
239,B,LONG,1789737332922,105.61,0.3125,0.0095,274942,0
240,C,LONG,1789737332922,105.61,0.3125,0.0095,274942,0
241,D,LONG,1789737332922,105.61,0.3125,0.0095,274942,0
242,A,SHORT,1789737341003,105.6,0.0000,0.3314,0,266861
243,B,SHORT,1789737341003,105.6,0.0000,0.3314,0,266861
244,C,SHORT,1789737341003,105.6,0.0000,0.3314,0,266861
245,D,SHORT,1789737341003,105.6,0.0000,0.3314,0,266861
246,A,LONG,1789737345308,105.61,0.3125,0.0095,262556,0
247,C,LONG,1789737345308,105.61,0.3125,0.0095,262556,0
248,B,LONG,1789737345587,105.61,0.3125,0.0095,262277,0
249,D,LONG,1789737345587,105.61,0.3125,0.0095,262277,0
250,A,LONG,1789737360307,105.63,0.2935,0.0095,247557,0
251,B,LONG,1789737360307,105.63,0.2935,0.0095,247557,0
252,C,LONG,1789737360307,105.63,0.2935,0.0095,247557,0
253,D,LONG,1789737360307,105.63,0.2935,0.0095,247557,0
254,A,LONG,1789737367417,105.64,0.2934,0.0095,296049,0
255,C,LONG,1789737367417,105.64,0.2934,0.0095,296049,0
256,B,LONG,1789737367913,105.64,0.3029,0.0095,300118,0
257,D,LONG,1789737367913,105.64,0.3029,0.0095,300118,0
258,A,LONG,1789737373993,105.66,0.2839,0.0095,294038,0
259,B,LONG,1789737373993,105.66,0.2839,0.0095,294038,0
260,C,LONG,1789737373993,105.66,0.2839,0.0095,294038,0
261,D,LONG,1789737373993,105.66,0.2839,0.0095,294038,0
262,A,SHORT,1789737378506,105.67,0.0095,0.2839,2533,289525
263,A,SHORT,1789737380029,105.66,0.0000,0.2934,0,288002
264,B,SHORT,1789737380029,105.66,0.0000,0.2934,0,288002
265,C,SHORT,1789737380029,105.66,0.0000,0.2934,0,288002
266,D,SHORT,1789737380029,105.66,0.0000,0.2934,0,288002
267,A,SHORT,1789737382040,105.65,0.0000,0.3029,0,285991
268,C,SHORT,1789737382040,105.65,0.0000,0.3029,0,285991
269,A,LONG,1789737385716,105.73,0.2175,0.0095,282315,0
270,B,LONG,1789737385716,105.73,0.2175,0.0095,282315,0
271,C,LONG,1789737385716,105.73,0.2175,0.0095,282315,0
272,D,LONG,1789737385716,105.73,0.2175,0.0095,282315,0
273,A,LONG,1789737386601,105.73,0.2175,0.0095,281430,0
274,B,LONG,1789737386601,105.73,0.2175,0.0095,281430,0
275,B,LONG,1789737387605,105.75,0.1986,0.0095,280426,0
276,D,LONG,1789737387605,105.75,0.1986,0.0095,280426,0
277,A,LONG,1789737390622,105.78,0.1702,0.0189,277409,18268
278,B,LONG,1789737390622,105.78,0.1702,0.0189,277409,18268
279,C,LONG,1789737390622,105.78,0.1702,0.0189,277409,18268
280,D,LONG,1789737390622,105.78,0.1702,0.0189,277409,18268
281,A,LONG,1789737409393,105.78,0.1891,0.0095,283443,0
282,C,LONG,1789737409393,105.78,0.1891,0.0095,283443,0
283,A,LONG,1789737438326,105.79,0.1891,0.0189,288385,10130
284,B,LONG,1789737438326,105.79,0.1891,0.0189,288385,10130
285,C,LONG,1789737438326,105.79,0.1891,0.0189,288385,10130
286,D,LONG,1789737438326,105.79,0.1891,0.0189,288385,10130
287,A,SHORT,1789737448456,105.77,0.0000,0.2175,0,278255
288,C,SHORT,1789737448456,105.77,0.0000,0.2175,0,278255
289,A,LONG,1789737451491,105.78,0.1985,0.0095,275220,0
290,C,LONG,1789737451491,105.78,0.1985,0.0095,275220,0
291,A,LONG,1789737481382,105.78,0.2363,0.0095,297535,0
292,C,LONG,1789737481382,105.78,0.2363,0.0095,297535,0
293,B,LONG,1789737481889,105.79,0.2269,0.0095,297028,0
294,D,LONG,1789737481889,105.79,0.2269,0.0095,297028,0
295,A,LONG,1789737485445,105.81,0.2079,0.0095,293472,0
296,C,LONG,1789737485445,105.81,0.2079,0.0095,293472,0
297,A,LONG,1789737489507,105.81,0.2079,0.0095,289410,0
298,C,LONG,1789737489507,105.81,0.2079,0.0095,289410,0
299,A,LONG,1789737491019,105.81,0.2079,0.0095,287898,0
300,C,LONG,1789737491019,105.81,0.2079,0.0095,287898,0
301,B,LONG,1789737493544,105.81,0.2079,0.0095,285373,0
302,D,LONG,1789737493544,105.81,0.2079,0.0095,285373,0
303,A,LONG,1789737495571,105.87,0.1511,0.0283,283346,6531
304,C,LONG,1789737495571,105.87,0.1511,0.0283,283346,6531
305,A,SHORT,1789737497567,105.86,0.0094,0.1700,4535,281350
306,C,SHORT,1789737497567,105.86,0.0094,0.1700,4535,281350
307,A,SHORT,1789737502102,105.84,0.0000,0.1890,0,276815
308,B,SHORT,1789737502102,105.84,0.0000,0.1890,0,276815
309,C,SHORT,1789737502102,105.84,0.0000,0.1890,0,276815
310,D,SHORT,1789737502102,105.84,0.0000,0.1890,0,276815
311,B,SHORT,1789737505134,105.84,0.0000,0.1890,0,273783
312,D,SHORT,1789737505134,105.84,0.0000,0.1890,0,273783
313,A,LONG,1789737507686,105.86,0.1606,0.0094,271231,0
314,C,LONG,1789737507686,105.86,0.1606,0.0094,271231,0
315,B,LONG,1789737508175,105.86,0.1606,0.0094,270742,0
316,D,LONG,1789737508175,105.86,0.1606,0.0094,270742,0
317,A,LONG,1789737515255,105.89,0.1322,0.0189,263662,25248
318,B,LONG,1789737515255,105.89,0.1322,0.0189,263662,25248
319,C,LONG,1789737515255,105.89,0.1322,0.0189,263662,25248
320,D,LONG,1789737515255,105.89,0.1322,0.0189,263662,25248
321,A,LONG,1789737522818,105.89,0.1322,0.0472,256099,296663
322,C,LONG,1789737522818,105.89,0.1322,0.0472,256099,296663
323,B,LONG,1789737525846,105.89,0.1322,0.0472,253071,293635
324,D,LONG,1789737525846,105.89,0.1322,0.0472,253071,293635
325,A,SHORT,1789737529870,105.89,0.0378,0.1417,289611,249047
326,C,SHORT,1789737529870,105.89,0.0378,0.1417,289611,249047
327,A,SHORT,1789737531891,105.89,0.0378,0.1417,287590,247026
328,C,SHORT,1789737531891,105.89,0.0378,0.1417,287590,247026
329,A,SHORT,1789737540503,105.87,0.0189,0.1606,278978,238414
330,C,SHORT,1789737540503,105.87,0.0189,0.1606,278978,238414
331,A,LONG,1789737547087,105.88,0.1417,0.0378,231830,272394
332,C,LONG,1789737547087,105.88,0.1417,0.0378,231830,272394
333,A,LONG,1789737551653,105.88,0.1417,0.0378,227264,267828
334,B,LONG,1789737551653,105.88,0.1417,0.0378,227264,267828
335,C,LONG,1789737551653,105.88,0.1417,0.0378,227264,267828
336,D,LONG,1789737551653,105.88,0.1417,0.0378,227264,267828
337,A,LONG,1789737552657,105.88,0.1417,0.0378,226260,266824
338,C,LONG,1789737552657,105.88,0.1417,0.0378,226260,266824
339,A,LONG,1789737555709,105.88,0.1417,0.0378,223208,263772
340,B,LONG,1789737555709,105.88,0.1417,0.0378,223208,263772
341,C,LONG,1789737555709,105.88,0.1417,0.0378,223208,263772
342,D,LONG,1789737555709,105.88,0.1417,0.0378,223208,263772
343,A,SHORT,1789737560759,105.9,0.0472,0.1322,258722,218158
344,B,SHORT,1789737560759,105.9,0.0472,0.1322,258722,218158
345,C,SHORT,1789737560759,105.9,0.0472,0.1322,258722,218158
346,D,SHORT,1789737560759,105.9,0.0472,0.1322,258722,218158
347,A,LONG,1789737568343,105.9,0.1228,0.0567,210574,251138
348,C,LONG,1789737568343,105.9,0.1228,0.0567,210574,251138
349,A,LONG,1789737570921,105.9,0.1228,0.0567,207996,248560
350,C,LONG,1789737570921,105.9,0.1228,0.0567,207996,248560
351,A,LONG,1789737571928,105.9,0.1228,0.0567,206989,247553
352,C,LONG,1789737571928,105.9,0.1228,0.0567,206989,247553
353,B,LONG,1789737574970,105.91,0.1133,0.0661,203947,244511
354,D,LONG,1789737574970,105.91,0.1133,0.0661,203947,244511
355,B,LONG,1789737578521,105.93,0.0944,0.0850,200396,240960
356,D,LONG,1789737578521,105.93,0.0944,0.0850,200396,240960
357,B,LONG,1789737581552,105.93,0.0944,0.0850,197365,237929
358,D,LONG,1789737581552,105.93,0.0944,0.0850,197365,237929
359,A,LONG,1789737586105,105.93,0.0944,0.0850,192812,233376
360,B,LONG,1789737586105,105.93,0.0944,0.0850,192812,233376
361,C,LONG,1789737586105,105.93,0.0944,0.0850,192812,233376
362,D,LONG,1789737586105,105.93,0.0944,0.0850,192812,233376
363,A,LONG,1789737589165,105.93,0.0944,0.0850,189752,230316
364,C,LONG,1789737589165,105.93,0.0944,0.0850,189752,230316
365,A,LONG,1789737601780,105.93,0.0944,0.0850,177137,217701
366,C,LONG,1789737601780,105.93,0.0944,0.0850,177137,217701
367,A,SHORT,1789737612396,105.89,0.0378,0.1417,207085,166521
368,B,SHORT,1789737612396,105.89,0.0378,0.1417,207085,166521
369,C,SHORT,1789737612396,105.89,0.0378,0.1417,207085,166521
370,D,SHORT,1789737612396,105.89,0.0378,0.1417,207085,166521
371,A,LONG,1789737617428,105.9,0.1228,0.0567,161489,202053
372,B,LONG,1789737617428,105.9,0.1228,0.0567,161489,202053
373,C,LONG,1789737617428,105.9,0.1228,0.0567,161489,202053
374,D,LONG,1789737617428,105.9,0.1228,0.0567,161489,202053
375,A,LONG,1789737620981,105.91,0.1133,0.0661,157936,198500
376,C,LONG,1789737620981,105.91,0.1133,0.0661,157936,198500
377,B,LONG,1789737623007,105.92,0.1039,0.0755,155910,196474
378,D,LONG,1789737623007,105.92,0.1039,0.0755,155910,196474
379,A,SHORT,1789737624517,105.91,0.0567,0.1227,194964,154400
380,B,SHORT,1789737624517,105.91,0.0567,0.1227,194964,154400
381,C,SHORT,1789737624517,105.91,0.0567,0.1227,194964,154400
382,D,SHORT,1789737624517,105.91,0.0567,0.1227,194964,154400
383,B,SHORT,1789737627049,105.91,0.0567,0.1227,192432,151868
384,D,SHORT,1789737627049,105.91,0.0567,0.1227,192432,151868
385,A,LONG,1789737632101,105.9,0.1228,0.0567,146816,187380
386,C,LONG,1789737632101,105.9,0.1228,0.0567,146816,187380
387,A,LONG,1789737638684,105.9,0.1228,0.0567,140233,180797
388,B,LONG,1789737638684,105.9,0.1228,0.0567,140233,180797
389,C,LONG,1789737638684,105.9,0.1228,0.0567,140233,180797
390,D,LONG,1789737638684,105.9,0.1228,0.0567,140233,180797
391,A,LONG,1789737640730,105.9,0.1228,0.0567,138187,178751
392,C,LONG,1789737640730,105.9,0.1228,0.0567,138187,178751
393,B,LONG,1789737641748,105.91,0.1133,0.0661,137169,177733
394,D,LONG,1789737641748,105.91,0.1133,0.0661,137169,177733
395,A,LONG,1789737647284,105.92,0.1039,0.0755,131633,172197
396,C,LONG,1789737647284,105.92,0.1039,0.0755,131633,172197
397,B,LONG,1789737649824,105.92,0.1039,0.0755,129093,169657
398,D,LONG,1789737649824,105.92,0.1039,0.0755,129093,169657
399,A,SHORT,1789737654879,105.93,0.0755,0.1038,164602,124038
400,C,SHORT,1789737654879,105.93,0.0755,0.1038,164602,124038
401,A,LONG,1789737658922,105.92,0.1039,0.0755,119995,160559
402,C,LONG,1789737658922,105.92,0.1039,0.0755,119995,160559
403,B,LONG,1789737659932,105.92,0.1039,0.0755,118985,159549
404,D,LONG,1789737659932,105.92,0.1039,0.0755,118985,159549
405,B,LONG,1789737662963,105.95,0.0755,0.1038,115954,156518
406,D,LONG,1789737662963,105.95,0.0755,0.1038,115954,156518
407,A,SHORT,1789737666523,105.95,0.0944,0.0849,152958,112394
408,C,SHORT,1789737666523,105.95,0.0944,0.0849,152958,112394
409,A,LONG,1789737668031,105.97,0.0566,0.1227,110886,151450
410,C,LONG,1789737668031,105.97,0.0566,0.1227,110886,151450
411,A,SHORT,1789737669532,105.96,0.1038,0.0755,149949,109385
412,C,SHORT,1789737669532,105.96,0.1038,0.0755,149949,109385
413,A,LONG,1789737676642,105.96,0.0661,0.1133,102275,142839
414,B,LONG,1789737676642,105.96,0.0661,0.1133,102275,142839
415,A,LONG,1789737691313,105.98,0.0472,0.1321,87604,128168
416,B,LONG,1789737691313,105.98,0.0472,0.1321,87604,128168
417,C,LONG,1789737691313,105.98,0.0472,0.1321,87604,128168
418,D,LONG,1789737691313,105.98,0.0472,0.1321,87604,128168
419,A,SHORT,1789737701461,105.97,0.1132,0.0661,118020,77456
420,B,SHORT,1789737701461,105.97,0.1132,0.0661,118020,77456
421,C,SHORT,1789737701461,105.97,0.1132,0.0661,118020,77456
422,D,SHORT,1789737701461,105.97,0.1132,0.0661,118020,77456
423,A,SHORT,1789737710057,105.95,0.0944,0.0849,109424,68860
424,B,SHORT,1789737710057,105.95,0.0944,0.0849,109424,68860
425,C,SHORT,1789737710057,105.95,0.0944,0.0849,109424,68860
426,D,SHORT,1789737710057,105.95,0.0944,0.0849,109424,68860
427,A,LONG,1789737716117,105.98,0.0472,0.1321,62800,103364
428,C,LONG,1789737716117,105.98,0.0472,0.1321,62800,103364
429,B,LONG,1789737716609,105.98,0.0472,0.1321,62308,102872
430,D,LONG,1789737716609,105.98,0.0472,0.1321,62308,102872
431,A,SHORT,1789737720158,105.97,0.1132,0.0661,99323,58759
432,C,SHORT,1789737720158,105.97,0.1132,0.0661,99323,58759
433,B,SHORT,1789737721166,105.96,0.1038,0.0755,98315,57751
434,D,SHORT,1789737721166,105.96,0.1038,0.0755,98315,57751
435,A,LONG,1789737723694,105.98,0.0472,0.1321,55223,95787
436,C,LONG,1789737723694,105.98,0.0472,0.1321,55223,95787
437,A,LONG,1789737728236,106,0.0283,0.1509,50681,91245
438,C,LONG,1789737728236,106,0.0283,0.1509,50681,91245
439,A,LONG,1789737730268,106,0.0283,0.1509,48649,89213
440,C,LONG,1789737730268,106,0.0283,0.1509,48649,89213
441,A,LONG,1789737732767,106,0.0283,0.1509,46150,86714
442,C,LONG,1789737732767,106,0.0283,0.1509,46150,86714
443,A,SHORT,1789737740849,105.98,0.1227,0.0566,78632,38068
444,B,SHORT,1789737740849,105.98,0.1227,0.0566,78632,38068
445,C,SHORT,1789737740849,105.98,0.1227,0.0566,78632,38068
446,D,SHORT,1789737740849,105.98,0.1227,0.0566,78632,38068
447,A,SHORT,1789737745390,105.96,0.1038,0.0755,74091,33527
448,C,SHORT,1789737745390,105.96,0.1038,0.0755,74091,33527
449,A,LONG,1789737750997,105.98,0.0472,0.1321,27920,68484
450,B,LONG,1789737750997,105.98,0.0472,0.1321,27920,68484
451,C,LONG,1789737750997,105.98,0.0472,0.1321,27920,68484
452,D,LONG,1789737750997,105.98,0.0472,0.1321,27920,68484
453,A,LONG,1789737756043,105.99,0.0377,0.1415,22874,63438
454,C,LONG,1789737756043,105.99,0.0377,0.1415,22874,63438
455,A,LONG,1789737760303,106,0.0283,0.1509,18614,59178
456,C,LONG,1789737760303,106,0.0283,0.1509,18614,59178
457,A,SHORT,1789737769743,106,0.1415,0.0377,49738,9174
458,A,SHORT,1789737772293,106,0.1415,0.0377,47188,6624
459,C,SHORT,1789737772293,106,0.1415,0.0377,47188,6624
460,A,LONG,1789737774342,106.02,0.0094,0.1698,4575,45139
461,C,LONG,1789737774342,106.02,0.0094,0.1698,4575,45139
462,B,LONG,1789737776885,106.02,0.0094,0.1698,2032,42596
463,D,LONG,1789737776885,106.02,0.0094,0.1698,2032,42596
464,B,LONG,1789737778409,106.03,0.0000,0.1792,0,41072
465,D,LONG,1789737778409,106.03,0.0000,0.1792,0,41072
466,A,LONG,1789737779952,106.04,0.0000,0.1886,0,39529
467,C,LONG,1789737779952,106.04,0.0000,0.1886,0,39529
468,A,LONG,1789737801874,105.91,0.0000,0.0661,0,17607
469,B,LONG,1789737801874,105.91,0.0000,0.0661,0,17607
470,A,SHORT,1789737802407,105.91,0.0567,0.0094,17074,0
471,C,SHORT,1789737802407,105.91,0.0567,0.0094,17074,0
472,A,SHORT,1789737803806,105.91,0.0567,0.0094,15675,0
473,B,SHORT,1789737803806,105.91,0.0567,0.0094,15675,0
474,C,SHORT,1789737803806,105.91,0.0567,0.0094,15675,0
475,D,SHORT,1789737803806,105.91,0.0567,0.0094,15675,0
476,A,LONG,1789737808351,105.92,0.0000,0.0755,0,11130
477,C,LONG,1789737808351,105.92,0.0000,0.0755,0,11130
478,A,LONG,1789737810907,105.91,0.0000,0.0661,0,8574
479,A,SHORT,1789737815429,105.88,0.0283,0.0378,4052,24797
480,C,SHORT,1789737815429,105.88,0.0283,0.0378,4052,24797
481,A,SHORT,1789737817473,105.88,0.0283,0.0378,2008,22753
482,C,SHORT,1789737817473,105.88,0.0283,0.0378,2008,22753
483,B,SHORT,1789737818471,105.86,0.0094,0.0567,1010,21755
484,D,SHORT,1789737818471,105.86,0.0094,0.0567,1010,21755
485,A,LONG,1789737821492,105.87,0.0378,0.0094,18734,0
486,C,LONG,1789737821492,105.87,0.0378,0.0094,18734,0
487,B,LONG,1789737822000,105.87,0.0378,0.0094,18226,0
488,D,LONG,1789737822000,105.87,0.0378,0.0094,18226,0
489,A,LONG,1789737829081,105.88,0.0283,0.0094,11145,0
490,C,LONG,1789737829081,105.88,0.0283,0.0094,11145,0
491,B,LONG,1789737832119,105.89,0.0189,0.0094,8107,0
492,D,LONG,1789737832119,105.89,0.0189,0.0094,8107,0
493,A,LONG,1789737839202,105.91,0.0000,0.0283,0,8586
494,B,LONG,1789737839202,105.91,0.0000,0.0283,0,8586
495,C,LONG,1789737839202,105.91,0.0000,0.0283,0,8586
496,D,LONG,1789737839202,105.91,0.0000,0.0283,0,8586
497,B,LONG,1789737844246,105.92,0.0000,0.0378,0,3542
498,D,LONG,1789737844246,105.92,0.0000,0.0378,0,3542
499,A,SHORT,1789737846271,105.9,0.0094,0.0094,1517,0
500,B,SHORT,1789737846271,105.9,0.0094,0.0094,1517,0
501,C,SHORT,1789737846271,105.9,0.0094,0.0094,1517,0
502,D,SHORT,1789737846271,105.9,0.0094,0.0094,1517,0