candidate,TP,SL,feePct,totalSignals,actualEntries,ignoredSignals,completedTrades,longEntries,shortEntries,tpHits,slHits,bailoutHits,openAtSessionEnd,winRate,avgHoldMs,medianHoldMs,maxHoldMs,grossPnlUsdt,feesUsdt,netPnlUsdt,startEqUsdt,endEqUsdt,maxDrawdownUsdt,tradesPerHour
A,0.1,0.1,0.001,165,20,145,20,11,9,11,9,0,0,0.55,379624.95,371480,436914,0.019600000000000065,0.591836,-0.572236,3.488372093023256,2.9161360930232556,0.5722360000000002,80
A,0.1,0.1,0.00075,165,24,141,24,12,12,12,12,0,0,0.5,370986.2916666667,365392,436914,-0.01820000000000137,0.5326513500000002,-0.5508513500000015,3.488372093023256,2.9375207430232546,0.5508513500000012,96
A,0.1,0.1,0.0005,165,36,129,36,18,18,18,18,0,0,0.5,344712.6388888889,353725,436914,-0.03640000000000074,0.5326425999999999,-0.5690426000000006,3.488372093023256,2.919329493023253,0.5690426000000026,144
A,0.1,0.15,0.001,165,18,147,18,10,8,10,8,0,0,0.5555555555555556,385317.6111111111,379036,442326,-0.0055999999999988975,0.532672,-0.538271999999999,3.488372093023256,2.950100093023256,0.5382719999999996,72
A,0.1,0.15,0.00075,165,22,143,22,11,11,11,11,0,0,0.5,377408.86363636365,369313,442326,-0.057400000000001526,0.48829515000000023,-0.5456951500000018,3.488372093023256,2.9426769430232533,0.5456951500000025,88
A,0.1,0.15,0.0005,165,34,131,34,18,16,18,16,0,0,0.5294117647058824,351139.73529411765,354731,442326,-0.05180000000000262,0.5030864999999999,-0.5548865000000025,3.488372093023256,2.933485593023252,0.5548865000000038,136
A,0.1,0.2,0.001,165,16,149,16,8,8,8,8,0,0,0.5,441083.625,463070,546259,-0.12039999999999992,0.47356120000000007,-0.5939612,3.488372093023256,2.894410893023254,0.5939612000000016,64
A,0.1,0.2,0.00075,165,20,145,20,11,9,11,9,0,0,0.55,428326.5,408336,546259,-0.10359999999999929,0.4439694000000001,-0.5475693999999994,3.488372093023256,2.940802693023256,0.5475694,80
A,0.1,0.2,0.0005,165,24,141,24,12,12,12,12,0,0,0.5,425218.9583333333,432220,546259,-0.18340000000000037,0.3551835,-0.5385835000000003,3.488372093023256,2.949788593023254,0.5385835000000019,96
A,0.1,0.25,0.001,165,12,153,12,5,7,5,7,0,0,0.4166666666666667,470008.5,490390,566959,-0.17920000000000016,0.3552248000000001,-0.5344248000000003,3.488372093023256,2.953947293023256,0.5344247999999996,48
A,0.1,0.25,0.00075,165,19,146,19,11,8,11,8,0,0,0.5789473684210527,434442.63157894736,399672,566959,-0.11340000000000029,0.42179445000000015,-0.5351944500000004,3.488372093023256,2.953177643023254,0.5351944500000019,76
A,0.1,0.25,0.0005,165,22,143,22,11,11,11,11,0,0,0.5,439463,459985,566959,-0.22820000000000334,0.3256155000000001,-0.5538155000000035,3.488372093023256,2.9345565930232524,0.5538155000000033,88
A,0.1,0.3,0.001,165,12,153,12,5,7,5,7,0,0,0.4166666666666667,518411.4166666667,558703,659568,-0.23380000000000223,0.3552794,-0.5890794000000023,3.488372093023256,2.899292693023254,0.5890794000000019,48
A,0.1,0.3,0.00075,165,16,149,16,8,8,8,8,0,0,0.5,491597.625,554063,659568,-0.2254000000000039,0.3552496500000001,-0.580649650000004,3.488372093023256,2.9077224430232502,0.5806496500000056,64
A,0.1,0.3,0.0005,165,21,144,21,11,10,11,10,0,0,0.5238095238095238,478174.14285714284,408336,659568,-0.2660000000000048,0.310849,-0.5768490000000048,3.488372093023256,2.911523093023251,0.5768490000000046,84
A,0.1,0.5,0.001,165,81,84,46,46,35,46,0,0,35,1,241727.60869565216,232758,408336,0.8175999999999826,1.3611584,-0.5435584000000175,3.488372093023256,2.944813693023237,0.5435584000000189,184
A,0.1,0.5,0.00075,165,165,0,87,102,63,87,0,0,78,1,184961.0459770115,174037,408336,1.4587999999999748,1.9324830000000004,-0.4736830000000256,3.488372093023256,3.014689093023227,0.4736830000000287,348
A,0.1,0.5,0.0005,165,165,0,87,102,63,87,0,0,78,1,184961.0459770115,174037,408336,1.4587999999999748,1.2883220000000002,0.1704779999999746,3.488372093023256,3.6588500930232315,0,348
A,0.15,0.1,0.001,165,21,144,21,11,10,11,10,0,0,0.5238095238095238,402464.1904761905,384448,505673,0.06019999999999699,0.6214866,-0.561286600000003,3.488372093023256,2.9270854930232524,0.5612866000000034,84
A,0.15,0.1,0.00075,165,32,133,32,18,14,18,14,0,0,0.5625,379405.1875,378411,505673,0.14280000000000345,0.7102683000000002,-0.5674682999999967,3.488372093023256,2.920903793023262,0.5674682999999936,128
A,0.15,0.1,0.0005,165,43,122,43,22,21,22,21,0,0,0.5116279069767442,349777.6976744186,353725,505673,0.08680000000000465,0.6362580000000002,-0.5494579999999956,3.488372093023256,2.938914093023258,0.5494579999999978,172
A,0.15,0.15,0.001,165,20,145,20,11,9,11,9,0,0,0.55,408029.75,388494,505673,0.044799999999997064,0.5919256000000002,-0.5471256000000031,3.488372093023256,2.941246493023252,0.5471256000000038,80
A,0.15,0.15,0.00075,165,24,141,24,12,12,12,12,0,0,0.5,395580.7916666667,381045,505673,-3.972516759986888e-15,0.5327322000000002,-0.5327322000000042,3.488372093023256,2.955639893023253,0.532732200000003,96
A,0.15,0.15,0.0005,165,36,129,36,18,18,18,18,0,0,0.5,370234.9166666667,368290,505673,-0.0013999999999967268,0.5327217,-0.5341216999999967,3.488372093023256,2.954250393023257,0.5341216999999987,144
A,0.15,0.2,0.001,165,16,149,16,8,8,8,8,0,0,0.5,455313,475278,546259,-0.08259999999999851,0.47359900000000005,-0.5561989999999986,3.488372093023256,2.932173093023256,0.5561989999999999,64
A,0.15,0.2,0.00075,165,21,144,21,11,10,11,10,0,0,0.5238095238095238,454053.5238095238,458048,546259,-0.07840000000000233,0.4662189,-0.5446189000000023,3.488372093023256,2.9437531930232548,0.544618900000001,84
A,0.15,0.2,0.0005,165,33,132,33,18,15,18,15,0,0,0.5454545454545454,425939.54545454547,432220,546259,-0.08679999999999471,0.4884138,-0.5752137999999947,3.488372093023256,2.9131582930232582,0.5752137999999976,132
A,0.15,0.25,0.001,165,16,149,16,8,8,8,8,0,0,0.5,463736.75,490390,566959,-0.12460000000000004,0.4736410000000001,-0.5982410000000001,3.488372093023256,2.890131093023256,0.5982409999999998,64
A,0.15,0.25,0.00075,165,20,145,20,11,9,11,9,0,0,0.55,463146.1,480203,566959,-0.09380000000000416,0.4440481500000001,-0.5378481500000043,3.488372093023256,2.950523943023252,0.5378481500000039,80
A,0.15,0.25,0.0005,165,24,141,24,12,12,12,12,0,0,0.5,457656.7916666667,473588,566959,-0.1862000000000057,0.35524790000000006,-0.5414479000000058,3.488372093023256,2.94692419302325,0.5414479000000059,96
A,0.15,0.3,0.001,165,12,153,12,5,7,5,7,0,0,0.4166666666666667,536113.8333333334,558703,659568,-0.20860000000000328,0.3553046,-0.5639046000000033,3.488372093023256,2.924467493023253,0.563904600000003,48
A,0.15,0.3,0.00075,165,16,149,16,8,8,8,8,0,0,0.5,505827,554063,659568,-0.1876000000000025,0.3552780000000001,-0.5428780000000026,3.488372093023256,2.945494093023253,0.5428780000000026,64
A,0.15,0.3,0.0005,165,22,143,22,11,11,11,11,0,0,0.5,504237.13636363635,523251,659568,-0.2534000000000083,0.3256855,-0.5790855000000084,3.488372093023256,2.9092865930232477,0.5790855000000081,88
A,0.15,0.5,0.001,165,165,0,64,102,63,64,0,0,101,1,247137.84375,220958,505673,1.4420000000000062,1.8947095999999997,-0.4527095999999935,3.488372093023256,3.0356624930232603,0.4527095999999955,256
A,0.15,0.5,0.00075,165,165,0,64,102,63,64,0,0,101,1,247137.84375,220958,505673,1.4420000000000062,1.4210322000000004,0.020967800000005754,3.488372093023256,3.5093398930232653,0,256
A,0.15,0.5,0.0005,165,165,0,64,102,63,64,0,0,101,1,247137.84375,220958,505673,1.4420000000000062,0.9473547999999998,0.49464520000000634,3.488372093023256,3.983017293023257,0,256
A,0.2,0.1,0.001,165,24,141,24,12,12,12,12,0,0,0.5,425981.7916666667,436914,515289,0.1581999999999934,0.7103782000000001,-0.5521782000000066,3.488372093023256,2.936193893023249,0.5521782000000068,96
A,0.2,0.1,0.00075,165,36,129,36,18,18,18,18,0,0,0.5,399587.0833333333,411965,515289,0.22819999999999338,0.79916235,-0.5709623500000066,3.488372093023256,2.9174097430232515,0.5709623500000043,144
A,0.2,0.1,0.0005,165,123,42,109,76,47,62,47,0,14,0.5688073394495413,282410.84403669724,286423,515289,1.0821999999999714,1.6136295000000007,-0.5314295000000293,3.488372093023256,2.9569425930232236,0.5314295000000322,436
A,0.2,0.15,0.001,165,22,143,22,11,11,11,11,0,0,0.5,432433.7272727273,461548,515289,0.10359999999999334,0.6512212000000001,-0.5476212000000067,3.488372093023256,2.940750893023248,0.5476212000000076,88
A,0.2,0.15,0.00075,165,34,131,34,18,16,18,16,0,0,0.5294117647058824,409242.0882352941,418558,515289,0.2127999999999915,0.7548282000000004,-0.542028200000009,3.488372093023256,2.9463438930232475,0.5420282000000083,136
A,0.2,0.15,0.0005,165,55,110,55,28,27,28,27,0,0,0.509090909090909,362993.8,368290,515289,0.2785999999999833,0.8139634999999998,-0.5353635000000165,3.488372093023256,2.9530085930232377,0.5353635000000181,220
A,0.2,0.2,0.001,165,20,145,20,11,9,11,9,0,0,0.55,488853.85,480825,546259,0.05739999999999554,0.5921202000000001,-0.5347202000000045,3.488372093023256,2.95365189302325,0.534720200000006,80
A,0.2,0.2,0.00075,165,24,141,24,12,12,12,12,0,0,0.5,480214.4583333333,475278,546259,-0.0070000000000055886,0.53290755,-0.5399075500000056,3.488372093023256,2.948464543023251,0.539907550000005,96
A,0.2,0.2,0.0005,165,36,129,36,18,18,18,18,0,0,0.5,453376.3611111111,462567,546259,-0.014000000000005203,0.5328960000000003,-0.5468960000000055,3.488372093023256,2.9414760930232475,0.5468960000000083,144
A,0.2,0.25,0.001,165,20,145,20,11,9,11,9,0,0,0.55,497258,488381,566959,0.009799999999993099,0.5921678000000001,-0.582367800000007,3.488372093023256,2.906004293023249,0.5823678000000068,80
A,0.2,0.25,0.00075,165,22,143,22,11,11,11,11,0,0,0.5,494487.86363636365,483770,566959,-0.0672000000000085,0.488544,-0.5557440000000085,3.488372093023256,2.9326280930232467,0.5557440000000091,88
A,0.2,0.25,0.0005,165,34,131,34,18,16,18,16,0,0,0.5294117647058824,467723.14705882355,466644,566959,-0.035000000000009926,0.5033427,-0.5383427000000099,3.488372093023256,2.9500293930232444,0.5383427000000114,136
A,0.2,0.3,0.001,165,16,149,16,8,8,8,8,0,0,0.5,545941,554063,659568,-0.10920000000000613,0.47378240000000005,-0.5829824000000061,3.488372093023256,2.90538969302325,0.5829824000000059,64
A,0.2,0.3,0.00075,165,21,144,21,11,10,11,10,0,0,0.5238095238095238,535819.2380952381,515289,659568,-0.10500000000000995,0.46639425000000007,-0.57139425000001,3.488372093023256,2.9169778430232447,0.5713942500000111,84
A,0.2,0.3,0.0005,165,25,140,25,12,13,12,13,0,0,0.48,531827.04,523251,659568,-0.21000000000001195,0.37016000000000004,-0.580160000000012,3.488372093023256,2.9082120930232436,0.5801600000000122,100
A,0.2,0.5,0.001,165,165,0,62,102,63,62,0,0,103,1,324796.6612903226,320879,515289,1.9655999999999687,1.8359487999999997,0.129651199999969,3.488372093023256,3.618023293023219,0,248
A,0.2,0.5,0.00075,165,165,0,62,102,63,62,0,0,103,1,324796.6612903226,320879,515289,1.9655999999999687,1.3769616000000002,0.5886383999999685,3.488372093023256,4.0770104930232245,0,248
A,0.2,0.5,0.0005,165,165,0,62,102,63,62,0,0,103,1,324796.6612903226,320879,515289,1.9655999999999687,0.9179743999999999,1.0476255999999688,3.488372093023256,4.5359976930232175,0,248
A,0.25,0.1,0.001,165,33,132,33,18,15,18,15,0,0,0.5454545454545454,436552.75757575757,438192,598749,0.4088000000000042,0.9769003999999999,-0.5681003999999956,3.488372093023256,2.920271693023261,0.5681003999999947,132
A,0.25,0.1,0.00075,165,44,121,44,22,22,22,22,0,0,0.5,403571.0227272727,414083,598749,0.41160000000000163,0.9768380999999997,-0.5652380999999981,3.488372093023256,2.923133993023259,0.5652380999999966,176
A,0.25,0.1,0.0005,165,142,23,108,88,54,54,54,0,34,0.5,291064.8333333333,295993,598749,1.0724000000000053,1.5990072000000002,-0.5266071999999948,3.488372093023256,2.9617648930232643,0.5266071999999915,432
A,0.25,0.15,0.001,165,25,140,25,12,13,12,13,0,0,0.48,447183.04,442326,598749,0.16799999999999843,0.740096,-0.5720960000000015,3.488372093023256,2.9162760930232543,0.5720960000000015,100
A,0.25,0.15,0.00075,165,42,123,42,22,20,22,20,0,0,0.5238095238095238,413523.78571428574,432665,598749,0.38920000000000216,0.9325071000000003,-0.543307099999998,3.488372093023256,2.9450649930232577,0.543307099999998,168
A,0.25,0.15,0.0005,165,153,12,102,95,58,54,48,0,51,0.5294117647058824,305798.89215686277,307621,598749,0.973000000000007,1.5100855000000004,-0.5370854999999934,3.488372093023256,2.9512865930232675,0.5370854999999883,408
A,0.25,0.2,0.001,165,22,143,22,11,11,11,11,0,0,0.5,509234.5,513127,598749,0.06579999999999984,0.6514018,-0.5856018000000002,3.488372093023256,2.902770293023255,0.585601800000001,88
A,0.25,0.2,0.00075,165,33,132,33,18,15,18,15,0,0,0.5454545454545454,485935.1515151515,475278,598749,0.19740000000000552,0.7328338500000001,-0.5354338499999947,3.488372093023256,2.952938243023262,0.5354338499999938,132
A,0.25,0.2,0.0005,165,48,117,48,24,24,24,24,0,0,0.5,446744.1875,446900,598749,0.1428000000000034,0.7105658000000002,-0.5677657999999969,3.488372093023256,2.920606293023259,0.567765799999997,192
A,0.25,0.25,0.001,165,21,144,21,11,10,11,10,0,0,0.5238095238095238,522178.1904761905,513127,598749,0.043399999999996365,0.6218534000000001,-0.5784534000000038,3.488372093023256,2.9099186930232537,0.5784534000000021,84
A,0.25,0.25,0.00075,165,25,140,25,12,13,12,13,0,0,0.48,511761.32,497379,598749,-0.033600000000003245,0.5552232,-0.5888232000000033,3.488372093023256,2.899548893023252,0.5888232000000038,100
A,0.25,0.25,0.0005,165,42,123,42,22,20,22,20,0,0,0.5238095238095238,471165.5,473588,598749,0.08259999999999851,0.6218246999999999,-0.5392247000000014,3.488372093023256,2.9491473930232552,0.5392247000000006,168
A,0.25,0.3,0.001,165,16,149,16,8,8,8,8,0,0,0.5,565741.5,559726,659568,-0.06020000000000296,0.4738314,-0.5340314000000029,3.488372093023256,2.9543406930232536,0.5340314000000022,64
A,0.25,0.3,0.00075,165,22,143,22,11,11,11,11,0,0,0.5,560111.3181818182,554063,659568,-0.0784000000000063,0.4886595,-0.5670595000000063,3.488372093023256,2.9213125930232486,0.5670595000000072,88
A,0.25,0.3,0.0005,165,34,131,34,18,16,18,16,0,0,0.5294117647058824,532613.3823529412,537930,659568,-0.043400000000002326,0.5034631,-0.5468631000000024,3.488372093023256,2.941508993023255,0.5468631000000008,136
A,0.25,0.5,0.001,165,165,0,54,102,63,54,0,0,111,1,368531.6111111111,345591,598749,2.0635999999999997,1.5990715999999996,0.46452840000000006,3.488372093023256,3.9529004930232574,0,216
A,0.25,0.5,0.00075,165,165,0,54,102,63,54,0,0,111,1,368531.6111111111,345591,598749,2.0635999999999997,1.1993037000000002,0.8642962999999995,3.488372093023256,4.352668393023259,0,216
A,0.25,0.5,0.0005,165,165,0,54,102,63,54,0,0,111,1,368531.6111111111,345591,598749,2.0635999999999997,0.7995357999999998,1.2640642,3.488372093023256,4.752436293023251,0,216
A,0.3,0.1,0.001,165,35,130,35,18,17,18,17,0,0,0.5142857142857142,473211.0857142857,503006,688259,0.49140000000000095,1.036203,-0.544802999999999,3.488372093023256,2.9435690930232576,0.5448029999999981,140
A,0.3,0.1,0.00075,165,105,60,94,63,42,52,42,0,11,0.5531914893617021,356554.3085106383,375636,688259,1.5498000000000047,2.0873590499999994,-0.5375590499999947,3.488372093023256,2.9508130430232593,0.5375590499999965,376
A,0.3,0.1,0.0005,165,165,0,114,102,63,52,62,0,51,0.45614035087719296,313589.22807017545,322875,688259,1.2306000000000057,1.6882060999999988,-0.45760609999999313,3.488372093023256,3.030765993023256,0.7999040000000006,456
A,0.3,0.15,0.001,165,34,131,34,18,16,18,16,0,0,0.5294117647058824,481302.0588235294,518198,688259,0.4521999999999987,1.006677,-0.5544770000000013,3.488372093023256,2.9338950930232546,0.5544770000000012,136
A,0.3,0.15,0.00075,165,55,110,55,28,27,28,27,0,0,0.509090909090909,424993.12727272726,426069,688259,0.6523999999999998,1.2212256000000001,-0.5688256000000004,3.488372093023256,2.919546493023255,0.5688256000000007,220
A,0.3,0.15,0.0005,165,165,0,101,102,63,52,49,0,64,0.5148514851485149,347140.8910891089,362804,688259,1.2432000000000059,1.4954617999999993,-0.25226179999999343,3.488372093023256,3.23611029302326,0.4853050999999984,404
A,0.3,0.2,0.001,165,24,141,24,12,12,12,12,0,0,0.5,548224.4583333334,550071,688259,0.15119999999999578,0.7107015999999999,-0.5595016000000042,3.488372093023256,2.9288704930232505,0.5595016000000053,96
A,0.3,0.2,0.00075,165,36,129,36,18,18,18,18,0,0,0.5,521433,539172,688259,0.22540000000000196,0.7995235500000003,-0.5741235499999984,3.488372093023256,2.9142485430232585,0.5741235499999973,144
A,0.3,0.2,0.0005,165,165,0,92,102,63,52,40,0,73,0.5652173913043478,408877.64130434784,404608,688259,1.0752000000000055,1.3621719999999993,-0.2869719999999938,3.488372093023256,3.2014000930232585,0.4166778000000022,368
A,0.3,0.25,0.001,165,22,143,22,11,11,11,11,0,0,0.5,563530.1818181818,566959,688259,0.07839999999999238,0.6515376000000002,-0.5731376000000078,3.488372093023256,2.915234493023249,0.5731376000000066,88
A,0.3,0.25,0.00075,165,34,131,34,18,16,18,16,0,0,0.5294117647058824,539783.1176470588,551092,688259,0.2043999999999972,0.7551935999999999,-0.5507936000000027,3.488372093023256,2.937578493023252,0.550793600000004,136
A,0.3,0.25,0.0005,165,48,117,48,24,24,24,24,0,0,0.5,498053.1458333333,490390,688259,0.17359999999999537,0.7107184000000002,-0.5371184000000049,3.488372093023256,2.9512536930232502,0.5371184000000055,192
A,0.3,0.3,0.001,165,21,144,21,11,10,11,10,0,0,0.5238095238095238,608149.2857142857,601690,688259,0.04059999999999097,0.6220045999999999,-0.5814046000000089,3.488372093023256,2.9069674930232474,0.5814046000000084,84
A,0.3,0.3,0.00075,165,24,141,24,12,12,12,12,0,0,0.5,599582.75,594134,688259,-0.005600000000010791,0.5331438000000001,-0.5387438000000109,3.488372093023256,2.949628293023244,0.5387438000000118,96
A,0.3,0.3,0.0005,165,36,129,36,18,18,18,18,0,0,0.5,571545.5277777778,569257,688259,-0.00980000000000699,0.5331332999999999,-0.542933300000007,3.488372093023256,2.945438793023249,0.5429333000000067,144
A,0.3,0.5,0.001,165,165,0,52,102,63,52,0,0,113,1,456470.8846153846,425069,688259,2.3562000000000003,1.5401554000000004,0.8160445999999999,3.488372093023256,4.304416693023259,0,208
A,0.3,0.5,0.00075,165,165,0,52,102,63,52,0,0,113,1,456470.8846153846,425069,688259,2.3562000000000003,1.15511655,1.2010834500000003,3.488372093023256,4.689455543023255,0,208
A,0.3,0.5,0.0005,165,165,0,52,102,63,52,0,0,113,1,456470.8846153846,425069,688259,2.3562000000000003,0.7700777000000002,1.5861223,3.488372093023256,5.0744943930232544,0,208
A,0.5,0.1,0.001,165,22,143,11,11,11,0,11,0,11,0,380112.2727272727,366415,436914,-0.2071999999999986,0.32550280000000004,-0.5327027999999987,3.488372093023256,2.9556692930232575,0.5327027999999983,44
A,0.5,0.1,0.00075,165,26,139,14,12,14,0,14,0,12,0,363726.5714285714,365392,436914,-0.2673999999999976,0.31070445000000013,-0.5781044499999977,3.488372093023256,2.9102676430232597,0.5781044499999961,56
A,0.5,0.1,0.0005,165,34,131,16,18,16,0,16,0,18,0,354315.25,353725,436914,-0.29819999999999547,0.23673090000000002,-0.5349308999999955,3.488372093023256,2.953441193023259,0.5349308999999969,64
A,0.5,0.15,0.001,165,22,143,11,11,11,0,11,0,11,0,384622.8181818182,369313,442326,-0.24779999999999947,0.3255434,-0.5733433999999995,3.488372093023256,2.915028693023256,0.5733433999999997,44
A,0.5,0.15,0.00075,165,24,141,12,12,12,0,12,0,12,0,379928.1666666667,369313,442326,-0.270199999999999,0.26635455,-0.5365545499999991,3.488372093023256,2.9518175430232567,0.5365545499999991,48
A,0.5,0.15,0.0005,165,33,132,15,18,15,0,15,0,18,0,364166.2,359137,442326,-0.3373999999999976,0.2219637,-0.5593636999999976,3.488372093023256,2.9290083930232576,0.5593636999999982,60
A,0.5,0.2,0.001,165,20,145,9,11,9,0,9,0,11,0,499376.22222222225,481280,546259,-0.29399999999999726,0.2664424,-0.5604423999999972,3.488372093023256,2.9279296930232577,0.5604423999999981,36
A,0.5,0.2,0.00075,165,21,144,10,11,10,0,10,0,11,0,493467.1,481280,546259,-0.3261999999999978,0.22203825000000005,-0.5482382499999978,3.488372093023256,2.940133843023258,0.5482382499999976,40
A,0.5,0.2,0.0005,165,24,141,12,12,12,0,12,0,12,0,483807.8333333333,475278,546259,-0.39059999999999695,0.1776299,-0.568229899999997,3.488372093023256,2.9201421930232576,0.5682298999999982,48
A,0.5,0.25,0.001,165,16,149,8,8,8,0,8,0,8,0,522783.25,544128,566959,-0.3037999999999983,0.23687580000000003,-0.5406757999999983,3.488372093023256,2.9476962930232586,0.5406757999999972,32
A,0.5,0.25,0.00075,165,20,145,9,11,9,0,9,0,11,0,518052.1111111111,496460,566959,-0.34159999999999974,0.19986750000000003,-0.5414674999999998,3.488372093023256,2.9469045930232554,0.5414675000000004,36
A,0.5,0.25,0.0005,165,22,143,11,11,11,0,11,0,11,0,508731.0909090909,490390,566959,-0.41860000000000136,0.1628571,-0.5814571000000014,3.488372093023256,2.9069149930232547,0.5814571000000011,44
A,0.5,0.3,0.001,165,16,149,8,8,8,0,8,0,8,0,606963.75,636737,659568,-0.3668000000000007,0.2369388,-0.6037388000000007,3.488372093023256,2.884633293023256,0.6037387999999999,32
A,0.5,0.3,0.00075,165,16,149,8,8,8,0,8,0,8,0,606963.75,636737,659568,-0.3668000000000007,0.17770410000000003,-0.5445041000000007,3.488372093023256,2.9438679930232543,0.5445041000000015,32
A,0.5,0.3,0.0005,165,20,145,9,11,9,0,9,0,11,0,601768.7777777778,576379,659568,-0.41160000000000174,0.13328,-0.5448800000000018,3.488372093023256,2.9434920930232544,0.5448800000000014,36
A,0.5,0.5,0.001,165,165,0,0,102,63,0,0,0,165,0,0,0,0,0,0,0,3.488372093023256,3.488372093023256,0,0
A,0.5,0.5,0.00075,165,165,0,0,102,63,0,0,0,165,0,0,0,0,0,0,0,3.488372093023256,3.488372093023256,0,0
A,0.5,0.5,0.0005,165,165,0,0,102,63,0,0,0,165,0,0,0,0,0,0,0,3.488372093023256,3.488372093023256,0,0
B,0.1,0.1,0.001,96,23,73,23,15,8,15,8,0,0,0.6521739130434783,305452.39130434784,322343,436914,0.1105999999999969,0.6805694000000002,-0.5699694000000033,3.488372093023256,2.918402693023252,0.5699694000000037,92
B,0.1,0.1,0.00075,96,29,67,29,18,11,18,11,0,0,0.6206896551724138,278553.1724137931,277815,436914,0.1105999999999949,0.64357965,-0.532979650000005,3.488372093023256,2.9553924430232503,0.5329796500000055,116
B,0.1,0.1,0.0005,96,69,27,66,50,19,47,19,0,3,0.7121212121212122,185237.45454545456,175058,436914,0.44379999999999026,0.9770019000000002,-0.5332019000000099,3.488372093023256,2.955170193023245,0.533201900000011,264
B,0.1,0.15,0.001,96,22,74,22,15,7,15,7,0,0,0.6818181818181818,311692.45454545453,327417,442326,0.1161999999999978,0.6510014000000002,-0.5348014000000023,3.488372093023256,2.9535706930232526,0.5348014000000032,88
B,0.1,0.15,0.00075,96,27,69,27,16,11,16,11,0,0,0.5925925925925926,287994.1111111111,309183,442326,0.043399999999998363,0.5992192500000002,-0.5558192500000019,3.488372093023256,2.9325528430232533,0.5558192500000025,108
B,0.1,0.15,0.0005,96,58,38,58,41,17,41,17,0,0,0.7068965517241379,192280.7931034483,179996,442326,0.3191999999999941,0.8583778,-0.5391778000000058,3.488372093023256,2.9491942930232486,0.5391778000000071,232
B,0.1,0.2,0.001,96,16,80,16,9,7,9,7,0,0,0.5625,394095,383082,546259,-0.0685999999999993,0.4735430000000001,-0.5421429999999994,3.488372093023256,2.946229093023255,0.5421430000000007,64
B,0.1,0.2,0.00075,96,25,71,25,16,9,16,9,0,0,0.64,333709.12,354100,546259,0.0027999999999974504,0.5548935,-0.5520935000000026,3.488372093023256,2.9362785930232524,0.5520935000000033,100
B,0.1,0.2,0.0005,96,44,52,44,30,14,30,14,0,0,0.6818181818181818,252485,215546,546259,0.08399999999999526,0.6510826,-0.5670826000000047,3.488372093023256,2.9212894930232496,0.5670826000000062,176
B,0.1,0.25,0.001,96,16,80,16,9,7,9,7,0,0,0.5625,401762.75,384139,566959,-0.1119999999999996,0.4735864000000001,-0.5855863999999997,3.488372093023256,2.9027856930232554,0.5855864000000004,64
B,0.1,0.25,0.00075,96,23,73,23,15,8,15,8,0,0,0.6521739130434783,347985.4347826087,354731,566959,-0.03360000000000324,0.5105352000000001,-0.5441352000000033,3.488372093023256,2.944236893023252,0.5441352000000039,92
B,0.1,0.25,0.0005,96,37,59,37,25,12,25,12,0,0,0.6756756756756757,287354.2702702703,305611,566959,-0.01680000000000262,0.5475456,-0.5643456000000026,3.488372093023256,2.9240264930232525,0.5643456000000033,148
B,0.1,0.3,0.001,96,15,81,15,9,6,9,6,0,0,0.6,434139.8,383082,659568,-0.11760000000000248,0.44402680000000005,-0.5616268000000025,3.488372093023256,2.9267452930232536,0.5616268000000022,60
B,0.1,0.3,0.00075,96,22,74,22,15,7,15,7,0,0,0.6818181818181818,374355.54545454547,355614,659568,-0.04480000000000505,0.4883718000000001,-0.5331718000000051,3.488372093023256,2.9552002930232497,0.5331718000000061,88
B,0.1,0.3,0.0005,96,26,70,26,16,10,16,10,0,0,0.6153846153846154,366394.92307692306,355614,659568,-0.16240000000000754,0.38479700000000006,-0.5471970000000076,3.488372093023256,2.941175093023248,0.5471970000000077,104
B,0.1,0.5,0.001,96,60,36,43,43,17,43,0,0,17,1,174071.16279069768,141473,399672,0.7349999999999884,1.2728449999999996,-0.5378450000000111,3.488372093023256,2.950527093023244,0.5378450000000119,172
B,0.1,0.5,0.00075,96,96,0,56,68,28,56,0,0,40,1,169311.89285714287,141473,399672,0.935199999999988,1.2438741000000004,-0.3086741000000124,3.488372093023256,3.1796979930232396,0.30867410000001616,224
B,0.1,0.5,0.0005,96,96,0,56,68,28,56,0,0,40,1,169311.89285714287,141473,399672,0.935199999999988,0.8292493999999998,0.10595059999998824,3.488372093023256,3.594322693023242,0,224
B,0.15,0.1,0.001,96,25,71,25,16,9,16,9,0,0,0.64,313383,313237,497009,0.18060000000000487,0.7398202,-0.5592201999999952,3.488372093023256,2.9291518930232607,0.5592201999999951,100
B,0.15,0.1,0.00075,96,40,56,40,27,13,27,13,0,0,0.675,267719.375,237786,497009,0.35560000000000697,0.8878317000000003,-0.5322316999999934,3.488372093023256,2.956140393023266,0.5322316999999899,160
B,0.15,0.1,0.0005,96,87,9,69,62,25,42,27,0,18,0.6086956521739131,208571.3768115942,194606,497009,0.4704000000000037,1.0215996000000003,-0.5511995999999966,3.488372093023256,2.937172493023255,0.5511996000000008,276
B,0.15,0.15,0.001,96,25,71,25,16,9,16,9,0,0,0.64,314480.76,316135,497009,0.15820000000000534,0.7398426,-0.5816425999999947,3.488372093023256,2.906729493023261,0.581642599999995,100
B,0.15,0.15,0.00075,96,40,56,40,27,13,27,13,0,0,0.675,271053.2,237786,497009,0.31780000000000946,0.8878600500000005,-0.570060049999991,3.488372093023256,2.9183120430232683,0.5700600499999875,160
B,0.15,0.15,0.0005,96,96,0,61,68,28,42,19,0,35,0.6885245901639344,224824.16393442624,214914,497009,0.5180000000000065,0.9029846,-0.38498459999999357,3.488372093023256,3.103387493023258,0.3849845999999979,244
B,0.15,0.2,0.001,96,22,74,22,15,7,15,7,0,0,0.6818181818181818,364575.4090909091,387160,546259,0.114800000000005,0.6511344,-0.536334399999995,3.488372093023256,2.9520376930232595,0.5363343999999963,88
B,0.15,0.2,0.00075,96,26,70,26,16,10,16,10,0,0,0.6153846153846154,348974.1153846154,375029,546259,0.04200000000000555,0.5771472000000002,-0.5351471999999946,3.488372093023256,2.953224893023263,0.5351471999999928,104
B,0.15,0.2,0.0005,96,96,0,57,68,28,42,15,0,39,0.7368421052631579,255604.54385964913,220958,546259,0.4718000000000027,0.8437302999999998,-0.3719302999999971,3.488372093023256,3.1164417930232546,0.433966399999997,228
B,0.15,0.25,0.001,96,16,80,16,9,7,9,7,0,0,0.5625,427813.375,443282,566959,-0.06579999999999786,0.47363260000000007,-0.5394325999999979,3.488372093023256,2.948939493023257,0.5394325999999987,64
B,0.15,0.25,0.00075,96,25,71,25,16,9,16,9,0,0,0.64,357715.2,382448,566959,0.01680000000000461,0.5549880000000001,-0.5381879999999956,3.488372093023256,2.9501840930232617,0.5381879999999941,100
B,0.15,0.25,0.0005,96,49,47,49,34,15,34,15,0,0,0.6938775510204082,272473.3469387755,237786,566959,0.1918000000000026,0.7252161,-0.5334160999999974,3.488372093023256,2.9549559930232565,0.5334160999999993,196
B,0.15,0.3,0.001,96,16,80,16,9,7,9,7,0,0,0.5625,461044.9375,452951,659568,-0.11619999999999979,0.4736830000000002,-0.5898829999999999,3.488372093023256,2.8984890930232563,0.5898829999999995,64
B,0.15,0.3,0.00075,96,23,73,23,15,8,15,8,0,0,0.6521739130434783,391647.7826086957,388494,659568,-0.023799999999998277,0.5106265500000001,-0.5344265499999984,3.488372093023256,2.9539455430232584,0.5344265499999974,92
B,0.15,0.3,0.0005,96,27,69,27,16,11,16,11,0,0,0.5925925925925926,382954.9259259259,382448,659568,-0.1372000000000006,0.39963980000000004,-0.5368398000000006,3.488372093023256,2.9515322930232544,0.5368398000000014,108
B,0.15,0.5,0.001,96,96,0,42,68,28,42,0,0,54,1,228754.85714285713,216966,497009,0.9477999999999999,1.2434113999999998,-0.29561139999999997,3.488372093023256,3.1927606930232537,0.2956114000000021,168
B,0.15,0.5,0.00075,96,96,0,42,68,28,42,0,0,54,1,228754.85714285713,216966,497009,0.9477999999999999,0.9325585500000004,0.015241449999999435,3.488372093023256,3.503613543023258,0,168
B,0.15,0.5,0.0005,96,96,0,42,68,28,42,0,0,54,1,228754.85714285713,216966,497009,0.9477999999999999,0.6217056999999999,0.32609429999999995,3.488372093023256,3.814466393023252,0,168
B,0.2,0.1,0.001,96,37,59,37,25,12,25,12,0,0,0.6756756756756757,319526.64864864864,306633,506625,0.5599999999999881,1.0952172000000002,-0.5352172000000122,3.488372093023256,2.9531548930232425,0.5352172000000133,148
B,0.2,0.1,0.00075,96,79,17,64,58,21,41,23,0,15,0.640625,261358.296875,274794,506625,0.883399999999982,1.4214469500000004,-0.5380469500000185,3.488372093023256,2.950325143023238,0.5380469500000178,256
B,0.2,0.1,0.0005,96,96,0,69,68,28,41,28,0,27,0.5942028985507246,247396.79710144928,247402,506625,0.802199999999984,1.0217893000000002,-0.2195893000000162,3.488372093023256,3.2687827930232376,0.39719679999999835,276
B,0.2,0.15,0.001,96,27,69,27,16,11,16,11,0,0,0.5925925925925926,352436.1111111111,327755,506625,0.26459999999999406,0.7991802,-0.534580200000006,3.488372093023256,2.9537918930232485,0.5345802000000073,108
B,0.2,0.15,0.00075,96,96,0,60,68,28,41,19,0,36,0.6833333333333333,272829.38333333336,276865,506625,0.8679999999999861,1.3325088000000003,-0.46450880000001415,3.488372093023256,3.023863293023243,0.4645088000000128,240
B,0.2,0.15,0.0005,96,96,0,60,68,28,41,19,0,36,0.6833333333333333,272829.38333333336,276865,506625,0.8679999999999861,0.8883391999999998,-0.020339200000013657,3.488372093023256,3.46803289302324,0.15977290000000277,240
B,0.2,0.2,0.001,96,26,70,26,16,10,16,10,0,0,0.6153846153846154,398793.1923076923,422100,546259,0.19319999999999335,0.7696808,-0.5764808000000067,3.488372093023256,2.9118912930232463,0.5764808000000095,104
B,0.2,0.2,0.00075,96,96,0,56,68,28,41,15,0,40,0.7321428571428571,307588.35714285716,287946,546259,0.8217999999999825,1.2436273500000006,-0.42182735000001803,3.488372093023256,3.0665447430232393,0.48178585000001517,224
B,0.2,0.2,0.0005,96,96,0,56,68,28,41,15,0,40,0.7321428571428571,307588.35714285716,287946,546259,0.8217999999999825,0.8290848999999998,-0.007284900000017247,3.488372093023256,3.4810871930232365,0.2372412000000077,224
B,0.2,0.25,0.001,96,25,71,25,16,9,16,9,0,0,0.64,409527.04,435236,566959,0.1679999999999925,0.7401352,-0.5721352000000075,3.488372093023256,2.916236893023248,0.572135200000008,100
B,0.2,0.25,0.00075,96,44,52,44,30,14,30,14,0,0,0.6818181818181818,333444.9318181818,307143,566959,0.4185999999999834,0.9770155500000006,-0.5584155500000172,3.488372093023256,2.9299565430232395,0.5584155500000163,176
B,0.2,0.25,0.0005,96,96,0,56,68,28,41,15,0,40,0.7321428571428571,313784.5535714286,300571,566959,0.7223999999999796,0.8291345999999997,-0.10673460000002011,3.488372093023256,3.3816374930232342,0.31007760000000806,224
B,0.2,0.3,0.001,96,23,73,23,15,8,15,8,0,0,0.6521739130434783,443446.17391304346,461053,659568,0.11619999999998984,0.6809754000000001,-0.5647754000000103,3.488372093023256,2.9235966930232453,0.5647754000000105,92
B,0.2,0.3,0.00075,96,27,69,27,16,11,16,11,0,0,0.5925925925925926,430928.85185185185,436762,659568,0.013999999999987287,0.5995731000000003,-0.5855731000000131,3.488372093023256,2.9027989930232425,0.5855731000000133,108
B,0.2,0.3,0.0005,96,96,0,56,68,28,41,15,0,40,0.7321428571428571,334300.71428571426,309163,659568,0.6187999999999743,0.8291863999999999,-0.21038640000002562,3.488372093023256,3.2779856930232287,0.3857154000000129,224
B,0.2,0.5,0.001,96,96,0,41,68,28,41,0,0,55,1,299102.26829268294,285373,506625,1.2977999999999803,1.2141205999999998,0.08367939999998053,3.488372093023256,3.5720514930232325,0,164
B,0.2,0.5,0.00075,96,96,0,41,68,28,41,0,0,55,1,299102.26829268294,285373,506625,1.2977999999999803,0.9105904500000004,0.3872095499999799,3.488372093023256,3.8755816430232355,0,164
B,0.2,0.5,0.0005,96,96,0,41,68,28,41,0,0,55,1,299102.26829268294,285373,506625,1.2977999999999803,0.6070602999999999,0.6907396999999804,3.488372093023256,4.179111793023233,0,164
B,0.25,0.1,0.001,96,64,32,55,46,18,37,18,0,9,0.6727272727272727,301503.8,309002,590085,1.078000000000002,1.6285836000000005,-0.5505835999999984,3.488372093023256,2.9377884930232594,0.5505835999999964,220
B,0.25,0.1,0.00075,96,89,7,65,63,26,37,28,0,24,0.5692307692307692,271313.8307692308,279344,590085,0.9198000000000048,1.4439064499999996,-0.5241064499999948,3.488372093023256,2.9642656430232592,0.5262470499999976,260
B,0.25,0.1,0.0005,96,96,0,65,68,28,37,28,0,31,0.5692307692307692,271313.8307692308,279344,590085,0.9198000000000048,0.9626043000000004,-0.042804299999995576,3.488372093023256,3.4455677930232627,0.39719679999999835,260
B,0.25,0.15,0.001,96,58,38,54,41,17,37,17,0,4,0.6851851851851852,312104.35185185185,311023,590085,1.030400000000005,1.5989792,-0.568579199999995,3.488372093023256,2.9197928930232617,0.5685791999999941,216
B,0.25,0.15,0.00075,96,96,0,56,68,28,37,19,0,40,0.6607142857142857,302406.83928571426,309002,590085,0.985600000000006,1.2437312999999997,-0.2581312999999936,3.488372093023256,3.2302407930232624,0.2581312999999934,224
B,0.25,0.15,0.0005,96,96,0,56,68,28,37,19,0,40,0.6607142857142857,302406.83928571426,309002,590085,0.985600000000006,0.8291542,0.15644580000000607,3.488372093023256,3.644817893023265,0.14892219999999812,224
B,0.25,0.2,0.001,96,27,69,27,16,11,16,11,0,0,0.5925925925925926,414916.037037037,422100,590085,0.26320000000000143,0.7993832000000001,-0.5361831999999986,3.488372093023256,2.9521888930232554,0.5361832000000004,108
B,0.25,0.2,0.00075,96,96,0,52,68,28,37,15,0,44,0.7115384615384616,342114.76923076925,321867,590085,0.9394000000000029,1.1548498499999997,-0.21544984999999683,3.488372093023256,3.2729222430232587,0.3363373999999979,208
B,0.25,0.2,0.0005,96,96,0,52,68,28,37,15,0,44,0.7115384615384616,342114.76923076925,321867,590085,0.9394000000000029,0.7698999,0.16950010000000293,3.488372093023256,3.6578721930232616,0.18503449999999955,208
B,0.25,0.25,0.001,96,26,70,26,16,10,16,10,0,0,0.6153846153846154,426730.76923076925,443282,590085,0.22960000000000008,0.7698460000000001,-0.540246,3.488372093023256,2.948126093023256,0.5402459999999998,104
B,0.25,0.25,0.00075,96,96,0,52,68,28,37,15,0,44,0.7115384615384616,348787.5961538461,321867,590085,0.8399999999999996,1.1549243999999999,-0.3149244000000002,3.488372093023256,3.173447693023255,0.40919199999999956,208
B,0.25,0.25,0.0005,96,96,0,52,68,28,37,15,0,44,0.7115384615384616,348787.5961538461,321867,590085,0.8399999999999996,0.7699496,0.07005039999999962,3.488372093023256,3.5584224930232593,0.23826110000000034,208
B,0.25,0.3,0.001,96,25,71,25,16,9,16,9,0,0,0.64,457818.96,497379,659568,0.20439999999999717,0.7403004000000001,-0.5359004000000029,3.488372093023256,2.952471693023254,0.5359004000000018,100
B,0.25,0.3,0.00075,96,96,0,52,68,28,37,15,0,44,0.7115384615384616,370881.92307692306,333898,659568,0.7363999999999944,1.1550021,-0.41860210000000553,3.488372093023256,3.069769993023249,0.484848700000005,208
B,0.25,0.3,0.0005,96,96,0,52,68,28,37,15,0,44,0.7115384615384616,370881.92307692306,333898,659568,0.7363999999999944,0.7700014000000002,-0.03360140000000578,3.488372093023256,3.454770693023254,0.29288840000000427,208
B,0.25,0.5,0.001,96,96,0,37,68,28,37,0,0,59,1,346708.45945945947,321867,590085,1.415399999999999,1.0957506000000004,0.31964939999999875,3.488372093023256,3.808021493023256,0,148
B,0.25,0.5,0.00075,96,96,0,37,68,28,37,0,0,59,1,346708.45945945947,321867,590085,1.415399999999999,0.8218129499999998,0.5935870499999993,3.488372093023256,4.081959143023256,0,148
B,0.25,0.5,0.0005,96,96,0,37,68,28,37,0,0,59,1,346708.45945945947,321867,590085,1.415399999999999,0.5478753000000002,0.8675246999999989,3.488372093023256,4.355896793023255,0,148
B,0.3,0.1,0.001,96,79,17,57,58,21,34,23,0,22,0.5964912280701754,336736,366415,679595,1.1256000000000002,1.6881984000000003,-0.5625984000000002,3.488372093023256,2.925773693023256,0.5625983999999997,228
B,0.3,0.1,0.00075,96,96,0,62,68,28,34,28,0,34,0.5483870967741935,315119.3548387097,322343,679595,1.0444000000000027,1.3773857999999997,-0.332985799999997,3.488372093023256,3.1553862930232555,0.5311953499999982,248
B,0.3,0.1,0.0005,96,96,0,62,68,28,34,28,0,34,0.5483870967741935,315119.3548387097,322343,679595,1.0444000000000027,0.9182572000000003,0.12614280000000233,3.488372093023256,3.6145148930232556,0.4273968999999984,248
B,0.3,0.15,0.001,96,96,0,53,68,28,34,19,0,43,0.6415094339622641,355411.0188679245,377667,679595,1.1102000000000034,1.5696142,-0.45941419999999655,3.488372093023256,3.028957893023259,0.4594141999999968,212
B,0.3,0.15,0.00075,96,96,0,53,68,28,34,19,0,43,0.6415094339622641,355411.0188679245,377667,679595,1.1102000000000034,1.17721065,-0.06701064999999651,3.488372093023256,3.4213614430232586,0.22458974999999803,212
B,0.3,0.15,0.0005,96,96,0,53,68,28,34,19,0,43,0.6415094339622641,355411.0188679245,377667,679595,1.1102000000000034,0.7848071,0.3253929000000034,3.488372093023256,3.8137649930232578,0.18752649999999838,212
B,0.3,0.2,0.001,96,96,0,49,68,28,34,15,0,47,0.6938775510204082,401876.9183673469,398007,679595,1.064,1.4511055999999998,-0.3871055999999997,3.488372093023256,3.1012664930232536,0.4228965999999996,196
B,0.3,0.2,0.00075,96,96,0,49,68,28,34,15,0,47,0.6938775510204082,401876.9183673469,398007,679595,1.064,1.0883292,-0.02432919999999994,3.488372093023256,3.464042893023255,0.2446958499999945,196
B,0.3,0.2,0.0005,96,96,0,49,68,28,34,15,0,47,0.6938775510204082,401876.9183673469,398007,679595,1.064,0.7255527999999999,0.33844720000000017,3.488372093023256,3.826819293023254,0.15801239999999783,196
B,0.3,0.25,0.001,96,96,0,49,68,28,34,15,0,47,0.6938775510204082,408958.28571428574,400533,679595,0.9645999999999966,1.4512049999999999,-0.4866050000000033,3.488372093023256,3.0017670930232527,0.49576939999999947,196
B,0.3,0.25,0.00075,96,96,0,49,68,28,34,15,0,47,0.6938775510204082,408958.28571428574,400533,679595,0.9645999999999966,1.08840375,-0.12380375000000332,3.488372093023256,3.3645683430232514,0.29793574999999617,196
B,0.3,0.25,0.0005,96,96,0,49,68,28,34,15,0,47,0.6938775510204082,408958.28571428574,400533,679595,0.9645999999999966,0.7256024999999999,0.23899749999999664,3.488372093023256,3.7273695930232518,0.1832250000000002,196
B,0.3,0.3,0.001,96,27,69,27,16,11,16,11,0,0,0.5925925925925926,501418.6296296296,502494,679595,0.22819999999999543,0.7996449999999999,-0.5714450000000045,3.488372093023256,2.916927093023253,0.5714450000000029,108
B,0.3,0.3,0.00075,96,96,0,49,68,28,34,15,0,47,0.6938775510204082,432405.32653061225,402051,679595,0.8609999999999912,1.0884814500000002,-0.22748145000000897,3.488372093023256,3.260890643023245,0.37153375000000466,196
B,0.3,0.3,0.0005,96,96,0,49,68,28,34,15,0,47,0.6938775510204082,432405.32653061225,402051,679595,0.8609999999999912,0.7256543000000001,0.13534569999999113,3.488372093023256,3.6237177930232463,0.23411780000000082,196
B,0.3,0.5,0.001,96,96,0,34,68,28,34,0,0,62,1,433241.5882352941,405327,679595,1.5399999999999967,1.0070564,0.5329435999999967,3.488372093023256,4.021315693023253,0,136
B,0.3,0.5,0.00075,96,96,0,34,68,28,34,0,0,62,1,433241.5882352941,405327,679595,1.5399999999999967,0.7552922999999998,0.7847076999999969,3.488372093023256,4.2730797930232525,0,136
B,0.3,0.5,0.0005,96,96,0,34,68,28,34,0,0,62,1,433241.5882352941,405327,679595,1.5399999999999967,0.5035282,1.0364717999999966,3.488372093023256,4.524843893023252,0,136
B,0.5,0.1,0.001,96,27,69,11,16,11,0,11,0,16,0,281275.54545454547,277815,436914,-0.21979999999999708,0.32549020000000006,-0.5452901999999972,3.488372093023256,2.943081893023259,0.5452901999999966,44
B,0.5,0.1,0.00075,96,40,56,13,27,13,0,13,0,27,0,252671.84615384616,274794,436914,-0.2547999999999971,0.2885064000000001,-0.5433063999999972,3.488372093023256,2.9450656930232593,0.5433063999999965,52
B,0.5,0.1,0.0005,96,57,39,16,41,16,0,16,0,41,0,215173.875,190203,436914,-0.3065999999999977,0.23675750000000007,-0.5433574999999977,3.488372093023256,2.9450145930232576,0.5433574999999982,64
B,0.5,0.15,0.001,96,27,69,11,16,11,0,11,0,16,0,284297.36363636365,283227,442326,-0.24779999999999552,0.32551820000000004,-0.5733181999999956,3.488372093023256,2.91505389302326,0.5733181999999957,44
B,0.5,0.15,0.00075,96,37,59,12,25,12,0,12,0,25,0,277415.5833333333,283227,442326,-0.27019999999999506,0.26633985000000004,-0.5365398499999952,3.488372093023256,2.951832243023261,0.5365398499999947,48
B,0.5,0.15,0.0005,96,49,47,15,34,15,0,15,0,34,0,238615.73333333334,201716,442326,-0.3401999999999951,0.2219567,-0.5621566999999952,3.488372093023256,2.9262153930232597,0.5621566999999961,60
B,0.5,0.2,0.001,96,25,71,9,16,9,0,9,0,16,0,410462,422100,546259,-0.28839999999999644,0.2664172,-0.5548171999999965,3.488372093023256,2.933554893023258,0.5548171999999978,36
B,0.5,0.2,0.00075,96,26,70,10,16,10,0,10,0,16,0,398011.9,422100,546259,-0.31919999999999626,0.22201410000000005,-0.5412140999999964,3.488372093023256,2.94715799302326,0.5412140999999959,40
B,0.5,0.2,0.0005,96,37,59,12,25,12,0,12,0,25,0,373199.5,387160,546259,-0.3807999999999959,0.17761520000000003,-0.558415199999996,3.488372093023256,2.929956893023259,0.5584151999999967,48
B,0.5,0.25,0.001,96,23,73,8,15,8,0,8,0,15,0,442628.25,452388,566959,-0.30659999999999776,0.2368618,-0.5434617999999978,3.488372093023256,2.9449102930232587,0.5434617999999971,32
B,0.5,0.25,0.00075,96,25,71,9,16,9,0,9,0,16,0,427741.3333333333,443282,566959,-0.3443999999999972,0.19985490000000003,-0.5442548999999972,3.488372093023256,2.9441171930232586,0.5442548999999972,36
B,0.5,0.25,0.0005,96,27,69,10,17,10,0,10,0,17,0,415681.5,443282,566959,-0.3835999999999974,0.14804160000000002,-0.5316415999999974,3.488372093023256,2.9567304930232585,0.5316415999999973,40
B,0.5,0.3,0.001,96,23,73,8,15,8,0,8,0,15,0,513254.25,544997,659568,-0.3626000000000006,0.2369178,-0.5995178000000005,3.488372093023256,2.888854293023256,0.5995177999999997,32
B,0.5,0.3,0.00075,96,23,73,8,15,8,0,8,0,15,0,513254.25,544997,659568,-0.3626000000000006,0.17768835000000002,-0.5402883500000006,3.488372093023256,2.948083743023255,0.5402883500000009,32
B,0.5,0.3,0.0005,96,25,71,9,16,9,0,9,0,16,0,500809.8888888889,506548,659568,-0.4088000000000004,0.13326880000000002,-0.5420688000000005,3.488372093023256,2.9463032930232558,0.5420688,36
B,0.5,0.5,0.001,96,96,0,0,68,28,0,0,0,96,0,0,0,0,0,0,0,3.488372093023256,3.488372093023256,0,0
B,0.5,0.5,0.00075,96,96,0,0,68,28,0,0,0,96,0,0,0,0,0,0,0,3.488372093023256,3.488372093023256,0,0
B,0.5,0.5,0.0005,96,96,0,0,68,28,0,0,0,96,0,0,0,0,0,0,0,3.488372093023256,3.488372093023256,0,0
C,0.1,0.1,0.001,152,20,132,20,11,9,11,9,0,0,0.55,378485.7,371480,436914,0.020999999999998794,0.5918374000000001,-0.5708374000000013,3.488372093023256,2.917534693023254,0.5708374000000016,80
C,0.1,0.1,0.00075,152,24,128,24,12,12,12,12,0,0,0.5,369384.25,365392,436914,-0.01820000000000137,0.5326513500000002,-0.5508513500000015,3.488372093023256,2.9375207430232546,0.5508513500000012,96
C,0.1,0.1,0.0005,152,39,113,39,21,18,21,18,0,0,0.5384615384615384,333789.76923076925,330940,436914,0.02099999999999681,0.5770233,-0.5560233000000032,3.488372093023256,2.9323487930232512,0.5560233000000046,156
C,0.1,0.15,0.001,152,19,133,19,11,8,11,8,0,0,0.5789473684210527,382797.3157894737,371480,442326,0.009799999999999035,0.5622722000000001,-0.5524722000000011,3.488372093023256,2.935899893023254,0.5524722000000017,76
C,0.1,0.15,0.00075,152,23,129,23,12,11,12,11,0,0,0.5217391304347826,373894,368290,442326,-0.04060000000000288,0.5104879500000002,-0.5510879500000031,3.488372093023256,2.937284143023252,0.5510879500000039,92
C,0.1,0.15,0.0005,152,33,119,33,17,16,17,16,0,0,0.5151515151515151,350207.75757575757,354595,442326,-0.070000000000002,0.4882863999999999,-0.5582864000000018,3.488372093023256,2.9300856930232526,0.5582864000000032,132
C,0.1,0.2,0.001,152,16,136,16,8,8,8,8,0,0,0.5,439566.9375,438803,546259,-0.11760000000000048,0.4735556000000001,-0.5911556000000006,3.488372093023256,2.8972164930232536,0.5911556000000022,64
C,0.1,0.2,0.00075,152,20,132,20,11,9,11,9,0,0,0.55,427187.25,408336,546259,-0.10220000000000057,0.4439704500000001,-0.5461704500000006,3.488372093023256,2.9422016430232545,0.5461704500000013,80
C,0.1,0.2,0.0005,152,24,128,24,12,12,12,12,0,0,0.5,423616.9166666667,424621,546259,-0.18340000000000037,0.3551835000000001,-0.5385835000000004,3.488372093023256,2.949788593023254,0.5385835000000019,96
C,0.1,0.25,0.001,152,12,140,12,5,7,5,7,0,0,0.4166666666666667,470008.5,490390,566959,-0.17920000000000016,0.3552248000000001,-0.5344248000000003,3.488372093023256,2.953947293023256,0.5344247999999996,48
C,0.1,0.25,0.00075,152,19,133,19,11,8,11,8,0,0,0.5789473684210527,434254.8947368421,399672,566959,-0.1134000000000023,0.42179655000000016,-0.5351965500000024,3.488372093023256,2.953175543023252,0.5351965500000038,76
C,0.1,0.25,0.0005,152,23,129,23,12,11,12,11,0,0,0.5217391304347826,433250.1304347826,408336,566959,-0.2114000000000047,0.3404107000000001,-0.5518107000000048,3.488372093023256,2.936561393023251,0.5518107000000048,92
C,0.1,0.3,0.001,152,12,140,12,5,7,5,7,0,0,0.4166666666666667,518411.4166666667,558703,659568,-0.23380000000000223,0.3552794,-0.5890794000000023,3.488372093023256,2.899292693023254,0.5890794000000019,48
C,0.1,0.3,0.00075,152,19,133,19,11,8,11,8,0,0,0.5789473684210527,469036,399672,659568,-0.17500000000000396,0.42184275000000016,-0.5968427500000041,3.488372093023256,2.89152934302325,0.5968427500000058,76
C,0.1,0.3,0.0005,152,21,131,21,11,10,11,10,0,0,0.5238095238095238,475644.2380952381,408336,659568,-0.26460000000000605,0.31084690000000004,-0.5754469000000061,3.488372093023256,2.91292519302325,0.575446900000006,84
C,0.1,0.5,0.001,152,78,74,45,45,33,45,0,0,33,1,234124.51111111112,231758,408336,0.7979999999999844,1.3315708000000002,-0.5335708000000158,3.488372093023256,2.954801293023239,0.533570800000017,180
C,0.1,0.5,0.00075,152,152,0,81,94,58,81,0,0,71,1,187666.65432098764,175058,408336,1.35519999999998,1.7992506000000006,-0.4440506000000206,3.488372093023256,3.044321493023232,0.4440506000000237,324
C,0.1,0.5,0.0005,152,152,0,81,94,58,81,0,0,71,1,187666.65432098764,175058,408336,1.35519999999998,1.1995003999999998,0.15569959999998018,3.488372093023256,3.6440716930232364,0,324
C,0.15,0.1,0.001,152,21,131,21,11,10,11,10,0,0,0.5238095238095238,401331.5714285714,384448,505673,0.058799999999996265,0.6214852000000001,-0.5626852000000038,3.488372093023256,2.9256868930232516,0.5626852000000042,84
C,0.15,0.1,0.00075,152,31,121,31,17,14,17,14,0,0,0.5483870967741935,379683.4193548387,378411,505673,0.1204000000000039,0.6880713000000002,-0.5676712999999962,3.488372093023256,2.9207007930232627,0.5676712999999931,124
C,0.15,0.1,0.0005,152,44,108,44,23,21,23,21,0,0,0.5227272727272727,341247.4318181818,337555,505673,0.10500000000000598,0.6510455000000003,-0.5460454999999943,3.488372093023256,2.9423265930232594,0.5460454999999964,176
C,0.15,0.15,0.001,152,20,132,20,11,9,11,9,0,0,0.55,406966.45,388494,505673,0.04479999999999508,0.5919284000000001,-0.5471284000000051,3.488372093023256,2.94124369302325,0.5471284000000058,80
C,0.15,0.15,0.00075,152,24,128,24,12,12,12,12,0,0,0.5,393978.75,381045,505673,-3.969047313034935e-15,0.5327322000000002,-0.5327322000000042,3.488372093023256,2.955639893023253,0.532732200000003,96
C,0.15,0.15,0.0005,152,40,112,40,21,19,21,19,0,0,0.525,354498.625,361146,505673,0.039200000000004176,0.5919004,-0.5527003999999958,3.488372093023256,2.9356716930232576,0.5527003999999982,160
C,0.15,0.2,0.001,152,19,133,19,11,8,11,8,0,0,0.5789473684210527,454303.63157894736,458048,546259,-0.012600000000002477,0.5624094000000001,-0.5750094000000026,3.488372093023256,2.913362693023252,0.5750094000000039,76
C,0.15,0.2,0.00075,152,21,131,21,11,10,11,10,0,0,0.5238095238095238,452897.95238095237,452951,546259,-0.07560000000000289,0.4662147000000001,-0.541814700000003,3.488372093023256,2.9465573930232543,0.5418147000000015,84
C,0.15,0.2,0.0005,152,31,121,31,17,14,17,14,0,0,0.5483870967741935,428724.51612903224,432220,546259,-0.07559999999999495,0.4588122000000001,-0.5344121999999951,3.488372093023256,2.9539598930232582,0.5344121999999976,124
C,0.15,0.25,0.001,152,16,136,16,8,8,8,8,0,0,0.5,462250.1875,490390,566959,-0.12600000000000078,0.4736396000000001,-0.5996396000000008,3.488372093023256,2.8887324930232556,0.5996396000000002,64
C,0.15,0.25,0.00075,152,20,132,20,11,9,11,9,0,0,0.55,462637,475243,566959,-0.09380000000000616,0.4440502500000001,-0.5378502500000062,3.488372093023256,2.95052184302325,0.5378502500000057,80
C,0.15,0.25,0.0005,152,24,128,24,12,12,12,12,0,0,0.5,456054.75,459985,566959,-0.1862000000000057,0.35524790000000006,-0.5414479000000058,3.488372093023256,2.94692419302325,0.5414479000000059,96
C,0.15,0.3,0.001,152,12,140,12,5,7,5,7,0,0,0.4166666666666667,536113.8333333334,558703,659568,-0.20860000000000328,0.3553046,-0.5639046000000033,3.488372093023256,2.924467493023253,0.563904600000003,48
C,0.15,0.3,0.00075,152,19,133,19,11,8,11,8,0,0,0.5789473684210527,496841.7368421053,497009,659568,-0.11760000000000645,0.42188580000000014,-0.5394858000000066,3.488372093023256,2.9488862930232496,0.5394858000000062,76
C,0.15,0.3,0.0005,152,23,129,23,12,11,12,11,0,0,0.5217391304347826,495509.347826087,505673,659568,-0.23100000000000875,0.3404835,-0.5714835000000087,3.488372093023256,2.916888593023247,0.5714835000000087,92
C,0.15,0.5,0.001,152,152,0,59,94,58,59,0,0,93,1,251264.81355932204,221471,505673,1.3286000000000058,1.7467057999999995,-0.41810579999999375,3.488372093023256,3.07026629302326,0.41810579999999575,236
C,0.15,0.5,0.00075,152,152,0,59,94,58,59,0,0,93,1,251264.81355932204,221471,505673,1.3286000000000058,1.3100293500000009,0.018570650000004907,3.488372093023256,3.5069427430232647,0,236
C,0.15,0.5,0.0005,152,152,0,59,94,58,59,0,0,93,1,251264.81355932204,221471,505673,1.3286000000000058,0.8733528999999998,0.455247100000006,3.488372093023256,3.9436191930232574,0,236
C,0.2,0.1,0.001,152,24,128,24,12,12,12,12,0,0,0.5,424379.75,436914,515289,0.15819999999999343,0.7103782000000001,-0.5521782000000066,3.488372093023256,2.936193893023249,0.5521782000000068,96
C,0.2,0.1,0.00075,152,39,113,39,21,18,21,18,0,0,0.5384615384615384,392829.53846153844,405896,515289,0.32339999999999036,0.8657617500000001,-0.5423617500000097,3.488372093023256,2.946010343023248,0.542361750000008,156
C,0.2,0.1,0.0005,152,122,30,102,77,45,57,45,0,20,0.5588235294117647,281602.03921568627,288361,515289,0.9687999999999745,1.510091800000001,-0.5412918000000265,3.488372093023256,2.947080293023227,0.5412918000000286,408
C,0.2,0.15,0.001,152,23,129,23,12,11,12,11,0,0,0.5217391304347826,431280.60869565216,442326,515289,0.13579999999999193,0.6808270000000001,-0.5450270000000081,3.488372093023256,2.9433450930232468,0.545027000000009,92
C,0.2,0.15,0.00075,152,33,119,33,17,16,17,16,0,0,0.5151515151515151,406757.30303030304,418558,515289,0.17919999999999228,0.7326165000000002,-0.553416500000008,3.488372093023256,2.9349555930232483,0.5534165000000075,132
C,0.2,0.15,0.0005,152,133,19,97,83,50,57,40,0,36,0.5876288659793815,295922.3092783505,292280,515289,0.8959999999999745,1.435988400000001,-0.5399884000000265,3.488372093023256,2.948383693023228,0.5399884000000279,388
C,0.2,0.2,0.001,152,20,132,20,11,9,11,9,0,0,0.55,487714.6,480825,546259,0.058799999999994246,0.5921216000000001,-0.5333216000000058,3.488372093023256,2.955050493023249,0.533321600000007,80
C,0.2,0.2,0.00075,152,24,128,24,12,12,12,12,0,0,0.5,478612.4166666667,475278,546259,-0.007000000000005613,0.53290755,-0.5399075500000057,3.488372093023256,2.948464543023251,0.539907550000005,96
C,0.2,0.2,0.0005,152,40,112,40,21,19,21,19,0,0,0.525,439884.9,440285,546259,0.051799999999992644,0.5920915000000002,-0.5402915000000076,3.488372093023256,2.9480805930232465,0.5402915000000093,160
C,0.2,0.25,0.001,152,20,132,20,11,9,11,9,0,0,0.55,496748.9,488381,566959,0.009799999999991107,0.5921706000000002,-0.5823706000000091,3.488372093023256,2.9060014930232474,0.5823706000000084,80
C,0.2,0.25,0.00075,152,23,129,23,12,11,12,11,0,0,0.5217391304347826,490636.73913043475,480203,566959,-0.03500000000000993,0.51074835,-0.5457483500000099,3.488372093023256,2.9426237430232454,0.5457483500000104,92
C,0.2,0.25,0.0005,152,33,119,33,17,16,17,16,0,0,0.5151515151515151,466547.24242424243,465079,566959,-0.06860000000000922,0.4885349000000001,-0.5571349000000093,3.488372093023256,2.9312371930232453,0.5571349000000105,132
C,0.2,0.3,0.001,152,19,133,19,11,8,11,8,0,0,0.5789473684210527,532749,506625,659568,-0.01400000000000914,0.5626180000000002,-0.5766180000000093,3.488372093023256,2.9117540930232466,0.5766180000000092,76
C,0.2,0.3,0.00075,152,21,131,21,11,10,11,10,0,0,0.5238095238095238,533289.3333333334,515289,659568,-0.10360000000001121,0.46639110000000006,-0.5699911000000113,3.488372093023256,2.9183809930232436,0.5699911000000122,84
C,0.2,0.3,0.0005,152,31,121,31,17,14,17,14,0,0,0.5483870967741935,509052.1612903226,506625,659568,-0.09940000000001305,0.45898230000000007,-0.5583823000000131,3.488372093023256,2.929989793023242,0.5583823000000137,124
C,0.2,0.5,0.001,152,152,0,57,94,58,57,0,0,95,1,327809.56140350876,323885,515289,1.8059999999999725,1.6878987999999997,0.11810119999997282,3.488372093023256,3.6064732930232233,0,228
C,0.2,0.5,0.00075,152,152,0,57,94,58,57,0,0,95,1,327809.56140350876,323885,515289,1.8059999999999725,1.2659241000000003,0.5400758999999722,3.488372093023256,4.028447993023228,0,228
C,0.2,0.5,0.0005,152,152,0,57,94,58,57,0,0,95,1,327809.56140350876,323885,515289,1.8059999999999725,0.8439493999999998,0.9620505999999727,3.488372093023256,4.4504226930232225,0,228
C,0.25,0.1,0.001,152,32,120,32,17,15,17,15,0,0,0.53125,434129.34375,439740,598749,0.37100000000000477,0.9472889999999998,-0.576288999999995,3.488372093023256,2.9120830930232615,0.5762889999999943,128
C,0.25,0.1,0.00075,152,50,102,50,27,23,27,23,0,0,0.54,387430.3,381994,598749,0.5753999999999997,1.1100442499999998,-0.5346442500000002,3.488372093023256,2.953727843023257,0.5346442499999986,200
C,0.25,0.1,0.0005,152,134,18,100,84,50,49,51,0,34,0.49,289043.38,295993,598749,0.9422000000000041,1.4806183,-0.5384182999999958,3.488372093023256,2.949953793023263,0.5589765999999932,400
C,0.25,0.15,0.001,152,31,121,31,17,14,17,14,0,0,0.5483870967741935,441296,442326,598749,0.33600000000000285,0.9177504,-0.5817503999999971,3.488372093023256,2.9066216930232587,0.5817503999999971,124
C,0.25,0.15,0.00075,152,44,108,44,23,21,23,21,0,0,0.5227272727272727,401217.0681818182,400295,598749,0.40320000000000134,0.9768864,-0.5736863999999987,3.488372093023256,2.914685693023257,0.5736863999999988,176
C,0.25,0.15,0.0005,152,143,9,94,90,53,49,45,0,49,0.5212765957446809,303787.60638297873,311023,598749,0.8526000000000051,1.3916875000000002,-0.5390874999999951,3.488372093023256,2.9492845930232656,0.5390874999999902,376
C,0.25,0.2,0.001,152,23,129,23,12,11,12,11,0,0,0.5217391304347826,506190.17391304346,509081,598749,0.1035999999999993,0.6810132,-0.5774132000000007,3.488372093023256,2.9109588930232544,0.5774132000000014,92
C,0.25,0.2,0.00075,152,32,120,32,17,15,17,15,0,0,0.53125,485054.9375,481280,598749,0.15960000000000607,0.7106253000000002,-0.5510252999999942,3.488372093023256,2.9373467930232624,0.5510252999999934,128
C,0.25,0.2,0.0005,152,61,91,61,33,28,33,28,0,0,0.5409836065573771,412381.4918032787,398269,598749,0.35980000000000106,0.9029951000000003,-0.5431950999999993,3.488372093023256,2.945176993023257,0.5431950999999988,244
C,0.25,0.25,0.001,152,21,131,21,11,10,11,10,0,0,0.5238095238095238,521045.5714285714,513127,598749,0.04199999999999561,0.6218520000000001,-0.5798520000000045,3.488372093023256,2.908520093023253,0.5798520000000029,84
C,0.25,0.25,0.00075,152,31,121,31,17,14,17,14,0,0,0.5483870967741935,497395.67741935485,487826,598749,0.11900000000000122,0.68847555,-0.5694755499999988,3.488372093023256,2.918896543023256,0.5694755499999999,124
C,0.25,0.25,0.0005,152,44,108,44,23,21,23,21,0,0,0.5227272727272727,458376.36363636365,470065,598749,0.08119999999999777,0.6514186,-0.5702186000000022,3.488372093023256,2.918153493023255,0.5702186000000009,176
C,0.25,0.3,0.001,152,20,132,20,11,9,11,9,0,0,0.55,561140.95,554063,659568,0.012599999999994504,0.5923106,-0.5797106000000055,3.488372093023256,2.908661493023251,0.5797106000000047,80
C,0.25,0.3,0.00075,152,23,129,23,12,11,12,11,0,0,0.5217391304347826,554854.9565217391,546027,659568,-0.04060000000000686,0.51086805,-0.5514680500000069,3.488372093023256,2.9369040430232483,0.5514680500000075,92
C,0.25,0.3,0.0005,152,33,119,33,17,16,17,16,0,0,0.5151515151515151,530597.5151515151,523251,659568,-0.07980000000000304,0.4886511,-0.568451100000003,3.488372093023256,2.9199209930232546,0.5684511000000012,132
C,0.25,0.5,0.001,152,152,0,49,94,58,49,0,0,103,1,371908.5306122449,345591,598749,1.8746000000000005,1.4509921999999995,0.423607800000001,3.488372093023256,3.911979893023258,0,196
C,0.25,0.5,0.00075,152,152,0,49,94,58,49,0,0,103,1,371908.5306122449,345591,598749,1.8746000000000005,1.08824415,0.7863558500000005,3.488372093023256,4.274727943023259,0,196
C,0.25,0.5,0.0005,152,152,0,49,94,58,49,0,0,103,1,371908.5306122449,345591,598749,1.8746000000000005,0.7254960999999998,1.1491039000000007,3.488372093023256,4.637475993023254,0,196
C,0.3,0.1,0.001,152,39,113,39,21,18,21,18,0,0,0.5384615384615384,462887.07692307694,463561,688259,0.6034000000000006,1.1546290000000001,-0.5512289999999995,3.488372093023256,2.937143093023257,0.5512289999999989,156
C,0.3,0.1,0.00075,152,101,51,88,61,40,48,40,0,13,0.5454545454545454,356499.3181818182,375636,688259,1.4140000000000048,1.9542263999999998,-0.540226399999995,3.488372093023256,2.94814569302326,0.5402263999999959,352
C,0.3,0.1,0.0005,152,152,0,105,94,58,48,57,0,47,0.45714285714285713,314961.99047619046,318843,688259,1.1410000000000053,1.5549596999999995,-0.41395969999999416,3.488372093023256,3.0744123930232563,0.7394758000000006,420
C,0.3,0.15,0.001,152,33,119,33,17,16,17,16,0,0,0.5151515151515151,477567.30303030304,503006,688259,0.4059999999999989,0.9770487999999999,-0.571048800000001,3.488372093023256,2.9173232930232547,0.5710488000000011,132
C,0.3,0.15,0.00075,152,95,57,85,58,37,48,37,0,10,0.5647058823529412,371149.5294117647,381045,688259,1.3314000000000032,1.8875881500000005,-0.5561881499999972,3.488372093023256,2.932183943023258,0.5561881499999979,340
C,0.3,0.15,0.0005,152,152,0,93,94,58,48,45,0,59,0.5161290322580645,348533.79569892475,368290,688259,1.152200000000005,1.3770350999999998,-0.22483509999999485,3.488372093023256,3.2635369930232594,0.44810009999999867,372
C,0.3,0.2,0.001,152,24,128,24,12,12,12,12,0,0,0.5,546622.4166666666,550071,688259,0.15119999999999578,0.7107016000000002,-0.5595016000000044,3.488372093023256,2.9288704930232505,0.5595016000000053,96
C,0.3,0.2,0.00075,152,40,112,40,21,19,21,19,0,0,0.525,508191,523428,688259,0.33180000000000276,0.8883472500000003,-0.5565472499999975,3.488372093023256,2.9318248430232594,0.5565472499999964,160
C,0.3,0.2,0.0005,152,152,0,84,94,58,48,36,0,68,0.5714285714285714,412355.25,405589,688259,1.0206000000000057,1.2437270999999999,-0.22312709999999414,3.488372093023256,3.2652449930232588,0.31038769999999394,336
C,0.3,0.25,0.001,152,23,129,23,12,11,12,11,0,0,0.5217391304347826,561603.695652174,565444,688259,0.12319999999999143,0.6811560000000001,-0.5579560000000087,3.488372093023256,2.930416093023249,0.557956000000007,92
C,0.3,0.25,0.00075,152,33,119,33,17,16,17,16,0,0,0.5151515151515151,537357.2424242424,551092,688259,0.1581999999999974,0.73297245,-0.5747724500000027,3.488372093023256,2.913599643023252,0.5747724500000038,132
C,0.3,0.25,0.0005,152,152,0,84,94,58,48,36,0,68,0.5714285714285714,422345.4404761905,411162,688259,0.8035999999999941,1.2438355999999997,-0.4402356000000056,3.488372093023256,3.0481364930232484,0.47847520000000543,336
C,0.3,0.3,0.001,152,21,131,21,11,10,11,10,0,0,0.5238095238095238,605619.380952381,601690,688259,0.04199999999998968,0.6220003999999999,-0.5800004000000102,3.488372093023256,2.908371693023246,0.5800004000000096,84
C,0.3,0.3,0.00075,152,24,128,24,12,12,12,12,0,0,0.5,597980.7083333334,594134,688259,-0.0056000000000108185,0.5331438000000001,-0.5387438000000109,3.488372093023256,2.949628293023244,0.5387438000000118,96
C,0.3,0.3,0.0005,152,44,108,44,23,21,23,21,0,0,0.5227272727272727,540881.6363636364,553594,688259,0.08399999999999126,0.6515781999999999,-0.5675782000000086,3.488372093023256,2.9207938930232475,0.5675782000000082,176
C,0.3,0.5,0.001,152,152,0,48,94,58,48,0,0,104,1,460023.4583333333,426069,688259,2.174200000000001,1.4216874000000002,0.7525126000000006,3.488372093023256,4.2408846930232595,0,192
C,0.3,0.5,0.00075,152,152,0,48,94,58,48,0,0,104,1,460023.4583333333,426069,688259,2.174200000000001,1.06626555,1.1079344500000008,3.488372093023256,4.596306543023256,0,192
C,0.3,0.5,0.0005,152,152,0,48,94,58,48,0,0,104,1,460023.4583333333,426069,688259,2.174200000000001,0.7108437000000001,1.4633563000000007,3.488372093023256,4.951728393023256,0,192
C,0.5,0.1,0.001,152,23,129,11,12,11,0,11,0,12,0,377307.7272727273,366415,436914,-0.2071999999999986,0.32550280000000004,-0.5327027999999987,3.488372093023256,2.9556692930232575,0.5327027999999983,44
C,0.5,0.1,0.00075,152,31,121,14,17,14,0,14,0,17,0,358919.28571428574,365392,436914,-0.2673999999999976,0.31070445000000013,-0.5781044499999977,3.488372093023256,2.9102676430232597,0.5781044499999961,56
C,0.5,0.1,0.0005,152,33,119,16,17,16,0,16,0,17,0,349256.5625,337555,436914,-0.30379999999999635,0.23672810000000002,-0.5405280999999964,3.488372093023256,2.947843993023258,0.5405280999999977,64
C,0.5,0.15,0.001,152,23,129,11,12,11,0,11,0,12,0,381818.2727272727,369313,442326,-0.24779999999999947,0.32554340000000004,-0.5733433999999995,3.488372093023256,2.915028693023256,0.5733433999999997,44
C,0.5,0.15,0.00075,152,24,128,12,12,12,0,12,0,12,0,376724.0833333333,369313,442326,-0.270199999999999,0.26635455,-0.5365545499999991,3.488372093023256,2.9518175430232567,0.5365545499999991,48
C,0.5,0.15,0.0005,152,32,120,15,17,15,0,15,0,17,0,359105.5333333333,344486,442326,-0.3373999999999976,0.22196370000000004,-0.5593636999999976,3.488372093023256,2.9290083930232576,0.5593636999999982,60
C,0.5,0.2,0.001,152,20,132,9,11,9,0,9,0,11,0,496844.55555555556,481280,546259,-0.29259999999999853,0.2664438,-0.5590437999999985,3.488372093023256,2.9293282930232567,0.5590437999999991,36
C,0.5,0.2,0.00075,152,21,131,10,11,10,0,10,0,11,0,491040.4,481280,546259,-0.32339999999999836,0.22203405,-0.5454340499999983,3.488372093023256,2.9429380430232577,0.5454340499999981,40
C,0.5,0.2,0.0005,152,24,128,12,12,12,0,12,0,12,0,480603.75,475278,546259,-0.39059999999999695,0.1776299,-0.568229899999997,3.488372093023256,2.9201421930232576,0.5682298999999982,48
C,0.5,0.25,0.001,152,19,133,8,11,8,0,8,0,11,0,522337.375,544128,566959,-0.3038000000000003,0.23687860000000002,-0.5406786000000003,3.488372093023256,2.9476934930232566,0.5406785999999992,32
C,0.5,0.25,0.00075,152,20,132,9,11,9,0,9,0,11,0,516920.77777777775,496460,566959,-0.34160000000000174,0.19986960000000004,-0.5414696000000018,3.488372093023256,2.9469024930232535,0.5414696000000023,36
C,0.5,0.25,0.0005,152,23,129,11,12,11,0,11,0,12,0,505926.54545454547,490390,566959,-0.41860000000000136,0.16285710000000003,-0.5814571000000014,3.488372093023256,2.9069149930232547,0.5814571000000011,44
C,0.5,0.3,0.001,152,19,133,8,11,8,0,8,0,11,0,604942.5,636737,659568,-0.365400000000002,0.23694020000000002,-0.602340200000002,3.488372093023256,2.8860318930232545,0.6023402000000013,32
C,0.5,0.3,0.00075,152,19,133,8,11,8,0,8,0,11,0,604942.5,636737,659568,-0.365400000000002,0.17770515000000003,-0.543105150000002,3.488372093023256,2.945266943023253,0.5431051500000028,32
C,0.5,0.3,0.0005,152,20,132,9,11,9,0,9,0,11,0,599237.1111111111,560209,659568,-0.41020000000000306,0.1332807,-0.543480700000003,3.488372093023256,2.944891393023253,0.5434807000000026,36
C,0.5,0.5,0.001,152,152,0,0,94,58,0,0,0,152,0,0,0,0,0,0,0,3.488372093023256,3.488372093023256,0,0
C,0.5,0.5,0.00075,152,152,0,0,94,58,0,0,0,152,0,0,0,0,0,0,0,3.488372093023256,3.488372093023256,0,0
C,0.5,0.5,0.0005,152,152,0,0,94,58,0,0,0,152,0,0,0,0,0,0,0,3.488372093023256,3.488372093023256,0,0
D,0.1,0.1,0.001,90,24,66,24,16,8,16,8,0,0,0.6666666666666666,296464.2916666667,322343,436914,0.13299999999999643,0.7101626000000001,-0.5771626000000036,3.488372093023256,2.9112094930232515,0.5771626000000043,96
D,0.1,0.1,0.00075,90,35,55,35,24,11,24,11,0,0,0.6857142857142857,247040.22857142857,212016,436914,0.20999999999999802,0.776769,-0.5667690000000021,3.488372093023256,2.921603093023253,0.566769000000003,140
D,0.1,0.1,0.0005,90,68,22,65,49,19,46,19,0,3,0.7076923076923077,185163.43076923076,171002,436914,0.42839999999999234,0.9623138000000001,-0.5339138000000078,3.488372093023256,2.954458293023247,0.533913800000009,260
D,0.1,0.15,0.001,90,22,68,22,15,7,15,7,0,0,0.6818181818181818,307847.4090909091,327417,442326,0.1147999999999971,0.6510000000000001,-0.536200000000003,3.488372093023256,2.952172093023252,0.536200000000004,88
D,0.1,0.15,0.00075,90,31,59,31,20,11,20,11,0,0,0.6451612903225806,262564.7419354839,258573,442326,0.1105999999999989,0.6880051500000002,-0.5774051500000013,3.488372093023256,2.9109669430232534,0.5774051500000024,124
D,0.1,0.15,0.0005,90,82,8,70,58,24,53,17,0,12,0.7571428571428571,184240.3142857143,171002,442326,0.49699999999999556,1.0365019,-0.5395019000000044,3.488372093023256,2.9488701930232497,0.5395019000000061,280
D,0.1,0.2,0.001,90,21,69,21,14,7,14,7,0,0,0.6666666666666666,347719.71428571426,354731,546259,0.029399999999997133,0.6214782000000001,-0.592078200000003,3.488372093023256,2.896293893023251,0.5920782000000049,84
D,0.1,0.2,0.00075,90,25,65,25,16,9,16,9,0,0,0.64,330146.4,327417,546259,0.0027999999999974608,0.5548977000000002,-0.5520977000000027,3.488372093023256,2.9362743930232527,0.5520977000000031,100
D,0.1,0.2,0.0005,90,46,44,46,32,14,32,14,0,0,0.6956521739130435,232651.80434782608,212016,546259,0.11199999999999566,0.6806926,-0.5686926000000043,3.488372093023256,2.9196794930232506,0.5686926000000052,184
D,0.1,0.25,0.001,90,17,73,17,11,6,11,6,0,0,0.6470588235294118,383422.5882352941,377036,566959,-0.037800000000001416,0.5031614000000001,-0.5409614000000015,3.488372093023256,2.9474106930232535,0.5409614000000023,68
D,0.1,0.25,0.00075,90,24,66,24,16,8,16,8,0,0,0.6666666666666666,338087.625,354100,566959,-0.01540000000000388,0.53273325,-0.5481332500000039,3.488372093023256,2.9402388430232507,0.5481332500000051,96
D,0.1,0.25,0.0005,90,37,53,37,25,12,25,12,0,0,0.6756756756756757,280812.6756756757,299548,566959,-0.023800000000002222,0.5475519,-0.5713519000000022,3.488372093023256,2.917020193023253,0.5713519000000029,148
D,0.1,0.3,0.001,90,15,75,15,9,6,9,6,0,0,0.6,434139.8,383082,659568,-0.11760000000000248,0.44402680000000005,-0.5616268000000025,3.488372093023256,2.9267452930232536,0.5616268000000022,60
D,0.1,0.3,0.00075,90,22,68,22,15,7,15,7,0,0,0.6818181818181818,369130.04545454547,354731,659568,-0.044800000000007,0.4883697000000001,-0.5331697000000071,3.488372093023256,2.9552023930232476,0.5331697000000082,88
D,0.1,0.3,0.0005,90,26,64,26,16,10,16,10,0,0,0.6153846153846154,363358.96153846156,355614,659568,-0.16240000000000948,0.3847998,-0.5471998000000096,3.488372093023256,2.941172293023246,0.5471998000000098,104
D,0.1,0.5,0.001,90,58,32,42,42,16,42,0,0,16,1,181109.2142857143,165948,399672,0.7125999999999911,1.2433749999999997,-0.5307750000000085,3.488372093023256,2.957597093023246,0.53077500000001,168
D,0.1,0.5,0.00075,90,90,0,53,63,27,53,0,0,37,1,171785.05660377358,141473,399672,0.8819999999999908,1.1772747000000001,-0.2952747000000093,3.488372093023256,3.1930973930232422,0.29527470000001355,212
D,0.1,0.5,0.0005,90,90,0,53,63,27,53,0,0,37,1,171785.05660377358,141473,399672,0.8819999999999908,0.7848497999999998,0.09715019999999097,3.488372093023256,3.585522293023245,0,212
D,0.15,0.1,0.001,90,25,65,25,16,9,16,9,0,0,0.64,309475.16,313237,497009,0.1834000000000043,0.7398230000000001,-0.5564229999999958,3.488372093023256,2.93194909302326,0.5564229999999957,100
D,0.15,0.1,0.00075,90,41,49,41,28,13,28,13,0,0,0.6829268292682927,251776.0243902439,221010,497009,0.37800000000000256,0.9100287000000004,-0.5320286999999978,3.488372093023256,2.9563433930232614,0.5320286999999944,164
D,0.15,0.1,0.0005,90,83,7,65,59,24,39,26,0,18,0.6,207499.76923076922,194606,497009,0.4214000000000026,0.9624069000000004,-0.5410068999999977,3.488372093023256,2.9473651930232543,0.5410069000000015,260
D,0.15,0.15,0.001,90,25,65,25,16,9,16,9,0,0,0.64,310688.84,316135,497009,0.15820000000000534,0.7398482,-0.5816481999999946,3.488372093023256,2.9067238930232606,0.5816481999999952,100
D,0.15,0.15,0.00075,90,41,49,41,28,13,28,13,0,0,0.6829268292682927,255099.21951219512,221010,497009,0.33740000000000553,0.9100591500000005,-0.5726591499999949,3.488372093023256,2.9157129430232644,0.5726591499999913,164
D,0.15,0.15,0.0005,90,90,0,57,63,27,39,18,0,33,0.6842105263157895,226828.1754385965,216966,497009,0.47180000000000466,0.8437834999999999,-0.37198349999999525,3.488372093023256,3.1163885930232564,0.37198349999999936,228
D,0.15,0.2,0.001,90,22,68,22,15,7,15,7,0,0,0.6818181818181818,360593.0909090909,387160,546259,0.114800000000005,0.6511316,-0.536331599999995,3.488372093023256,2.9520404930232593,0.5363315999999965,88
D,0.15,0.2,0.00075,90,26,64,26,16,10,16,10,0,0,0.6153846153846154,345489.5,361662,546259,0.04200000000000553,0.5771514000000002,-0.5351513999999946,3.488372093023256,2.953220693023263,0.5351513999999926,104
D,0.15,0.2,0.0005,90,90,0,53,63,27,39,14,0,37,0.7358490566037735,258191.62264150943,221010,546259,0.4340000000000013,0.7845249999999999,-0.35052499999999864,3.488372093023256,3.137847093023254,0.40497449999999846,212
D,0.15,0.25,0.001,90,22,68,22,15,7,15,7,0,0,0.6818181818181818,366306.9090909091,388494,566959,0.07000000000000398,0.6511764000000001,-0.5811763999999962,3.488372093023256,2.9071956930232594,0.5811763999999964,88
D,0.15,0.25,0.00075,90,25,65,25,16,9,16,9,0,0,0.64,354635.36,361662,566959,0.015400000000003897,0.5549932500000002,-0.5395932499999964,3.488372093023256,2.948778843023261,0.5395932499999949,100
D,0.15,0.25,0.0005,90,90,0,53,63,27,39,14,0,37,0.7358490566037735,264566.6603773585,224554,566959,0.34159999999999774,0.7845712,-0.4429712000000023,3.488372093023256,3.045400893023251,0.4974207000000015,212
D,0.15,0.3,0.001,90,18,72,18,12,6,12,6,0,0,0.6666666666666666,423820.22222222225,451437,659568,-0.0028000000000014506,0.5328484000000001,-0.5356484000000016,3.488372093023256,2.9527236930232545,0.5356484000000012,72
D,0.15,0.3,0.00075,90,24,66,24,16,8,16,8,0,0,0.6666666666666666,381361.875,388494,659568,-0.0027999999999994696,0.5328288000000001,-0.5356287999999996,3.488372093023256,2.952743293023257,0.5356287999999987,96
D,0.15,0.3,0.0005,90,41,49,41,28,13,28,13,0,0,0.6829268292682927,316273.68292682926,279513,659568,0.04199999999999561,0.6068538000000002,-0.5648538000000046,3.488372093023256,2.9235182930232497,0.5648538000000061,164
D,0.15,0.5,0.001,90,90,0,39,63,27,39,0,0,51,1,233267.4358974359,217242,497009,0.8791999999999985,1.1545967999999998,-0.2753968000000012,3.488372093023256,3.2129752930232525,0.27539680000000333,156
D,0.15,0.5,0.00075,90,90,0,39,63,27,39,0,0,51,1,233267.4358974359,217242,497009,0.8791999999999985,0.8659476000000005,0.013252399999998055,3.488372093023256,3.5016244930232565,0,156
D,0.15,0.5,0.0005,90,90,0,39,63,27,39,0,0,51,1,233267.4358974359,217242,497009,0.8791999999999985,0.5772983999999999,0.30190159999999866,3.488372093023256,3.7902736930232512,0,156
D,0.2,0.1,0.001,90,37,53,37,25,12,25,12,0,0,0.6756756756756757,312438.6216216216,306633,506625,0.5613999999999888,1.0952298000000003,-0.5338298000000115,3.488372093023256,2.954542293023243,0.5338298000000128,148
D,0.2,0.1,0.00075,90,78,12,61,56,22,38,23,0,17,0.6229508196721312,258587.59016393442,248426,506625,0.7965999999999832,1.3548748500000005,-0.5582748500000173,3.488372093023256,2.9300972430232393,0.5582748500000165,244
D,0.2,0.1,0.0005,90,90,0,64,63,27,38,26,0,26,0.59375,248269.859375,247402,506625,0.7461999999999853,0.9477489000000002,-0.2015489000000149,3.488372093023256,3.2868231930232388,0.3669700999999983,256
D,0.2,0.15,0.001,90,37,53,37,25,12,25,12,0,0,0.6756756756756757,316042.75675675675,306633,506625,0.5235999999999912,1.0952676000000003,-0.5716676000000092,3.488372093023256,2.9167044930232446,0.5716676000000112,148
D,0.2,0.15,0.00075,90,90,0,56,63,27,38,18,0,34,0.6785714285714286,273767.71428571426,277750,506625,0.7965999999999874,1.2436882500000004,-0.44708825000001295,3.488372093023256,3.0412838430232445,0.4470882500000113,224
D,0.2,0.15,0.0005,90,90,0,56,63,27,38,18,0,34,0.6785714285714286,273767.71428571426,277750,506625,0.7965999999999874,0.8291254999999998,-0.03252550000001242,3.488372093023256,3.455846593023241,0.14892219999999812,224
D,0.2,0.2,0.001,90,26,64,26,16,10,16,10,0,0,0.6153846153846154,395308.57692307694,422100,546259,0.19319999999999343,0.7696864000000001,-0.5764864000000067,3.488372093023256,2.911885693023246,0.5764864000000096,104
D,0.2,0.2,0.00075,90,90,0,52,63,27,38,14,0,38,0.7307692307692307,309345.03846153844,291930,546259,0.7587999999999842,1.1548005000000008,-0.39600050000001663,3.488372093023256,3.092371593023241,0.4473854000000137,208
D,0.2,0.2,0.0005,90,90,0,52,63,27,38,14,0,38,0.7307692307692307,309345.03846153844,291930,546259,0.7587999999999842,0.7698669999999999,-0.011067000000015703,3.488372093023256,3.4773050930232383,0.19164320000000767,208
D,0.2,0.25,0.001,90,25,65,25,16,9,16,9,0,0,0.64,406447.2,435236,566959,0.16659999999999175,0.7401422000000001,-0.5735422000000083,3.488372093023256,2.9148298930232475,0.5735422000000083,100
D,0.2,0.25,0.00075,90,46,44,46,32,14,32,14,0,0,0.6956521739130435,316314,305611,566959,0.48159999999998176,1.0214547000000007,-0.5398547000000189,3.488372093023256,2.948517393023238,0.539854700000018,184
D,0.2,0.25,0.0005,90,90,0,52,63,27,38,14,0,38,0.7307692307692307,315842.67307692306,303708,566959,0.6663999999999808,0.7699131999999999,-0.10351320000001907,3.488372093023256,3.3848588930232353,0.25747610000000876,208
D,0.2,0.3,0.001,90,24,66,24,16,8,16,8,0,0,0.6666666666666666,435332.5416666667,461053,659568,0.14839999999998843,0.7105896,-0.5621896000000116,3.488372093023256,2.926182493023244,0.562189600000012,96
D,0.2,0.3,0.00075,90,37,53,37,25,12,25,12,0,0,0.6756756756756757,378684.3783783784,368877,659568,0.250599999999983,0.8216554500000005,-0.5710554500000176,3.488372093023256,2.9173166430232382,0.5710554500000176,148
D,0.2,0.3,0.0005,90,90,0,52,63,27,38,14,0,38,0.7307692307692307,336712.51923076925,311284,659568,0.5697999999999751,0.7699615,-0.20016150000002486,3.488372093023256,3.2882105930232295,0.3261104000000139,208
D,0.2,0.5,0.001,90,90,0,38,63,27,38,0,0,52,1,302610.94736842107,295276,506625,1.2039999999999818,1.1252807999999999,0.07871919999998189,3.488372093023256,3.5670912930232346,0,152
D,0.2,0.5,0.00075,90,90,0,38,63,27,38,0,0,52,1,302610.94736842107,295276,506625,1.2039999999999818,0.8439606000000003,0.36003939999998147,3.488372093023256,3.8484114930232374,0,152
D,0.2,0.5,0.0005,90,90,0,38,63,27,38,0,0,52,1,302610.94736842107,295276,506625,1.2039999999999818,0.5626403999999999,0.6413595999999818,3.488372093023256,4.129731693023236,0,152
D,0.25,0.1,0.001,90,61,29,52,43,18,34,18,0,9,0.6538461538461539,297832.98076923075,311023,590085,0.9716000000000014,1.5398012000000005,-0.5682011999999992,3.488372093023256,2.9201708930232586,0.5682011999999972,208
D,0.25,0.1,0.00075,90,90,0,60,63,27,34,26,0,30,0.5666666666666667,271389.2166666667,295993,590085,0.8442000000000036,1.3328311499999994,-0.4886311499999958,3.488372093023256,2.9997409430232587,0.4907717499999982,240
D,0.25,0.1,0.0005,90,90,0,60,63,27,34,26,0,30,0.5666666666666667,271389.2166666667,295993,590085,0.8442000000000036,0.8885541000000005,-0.04435409999999684,3.488372093023256,3.4440179930232615,0.3669700999999983,240
D,0.25,0.15,0.001,90,54,36,50,38,16,34,16,0,4,0.68,312878.52,315976,590085,0.9394000000000045,1.4805322,-0.5411321999999956,3.488372093023256,2.947239893023261,0.541132199999995,200
D,0.25,0.15,0.00075,90,90,0,52,63,27,34,18,0,38,0.6538461538461539,302405.26923076925,311023,590085,0.8946000000000054,1.1548960499999994,-0.260296049999994,3.488372093023256,3.228076043023262,0.2602960499999938,208
D,0.25,0.15,0.0005,90,90,0,52,63,27,34,18,0,38,0.6538461538461539,302405.26923076925,311023,590085,0.8946000000000054,0.7699307000000001,0.12466930000000531,3.488372093023256,3.6130413930232637,0.14892219999999812,208
D,0.25,0.2,0.001,90,41,49,41,28,13,28,13,0,0,0.6829268292682927,359973.756097561,330345,590085,0.659400000000003,1.2139722000000002,-0.5545721999999972,3.488372093023256,2.933799893023257,0.5545721999999986,164
D,0.25,0.2,0.00075,90,90,0,48,63,27,34,14,0,42,0.7083333333333334,343333.8333333333,321867,590085,0.8568000000000024,1.0660082999999996,-0.20920829999999713,3.488372093023256,3.2791637930232587,0.28334039999999794,192
D,0.25,0.2,0.0005,90,90,0,48,63,27,34,14,0,42,0.7083333333333334,343333.8333333333,321867,590085,0.8568000000000024,0.7106722000000001,0.14612780000000236,3.488372093023256,3.634499893023261,0.16220609999999924,192
D,0.25,0.25,0.001,90,26,64,26,16,10,16,10,0,0,0.6153846153846154,423710.46153846156,443282,590085,0.22819999999999935,0.7698530000000001,-0.5416530000000008,3.488372093023256,2.9467190930232556,0.5416530000000002,104
D,0.25,0.25,0.00075,90,90,0,48,63,27,34,14,0,42,0.7083333333333334,350372.9375,321867,590085,0.7643999999999989,1.0660775999999996,-0.30167760000000077,3.488372093023256,3.1866944930232544,0.3491897500000003,192
D,0.25,0.25,0.0005,90,90,0,48,63,27,34,14,0,42,0.7083333333333334,350372.9375,321867,590085,0.7643999999999989,0.7107184000000001,0.053681599999998775,3.488372093023256,3.542053693023258,0.19162080000000037,192
D,0.25,0.3,0.001,90,25,65,25,16,9,16,9,0,0,0.64,454722.84,497379,659568,0.2043999999999952,0.7403060000000001,-0.5359060000000049,3.488372093023256,2.952466093023252,0.5359060000000038,100
D,0.25,0.3,0.00075,90,90,0,48,63,27,34,14,0,42,0.7083333333333334,372981.9375,333898,659568,0.6677999999999935,1.0661500499999996,-0.3983500500000061,3.488372093023256,3.090022043023248,0.42948255000000657,192
D,0.25,0.3,0.0005,90,90,0,48,63,27,34,14,0,42,0.7083333333333334,372981.9375,333898,659568,0.6677999999999935,0.7107667000000002,-0.042966700000006686,3.488372093023256,3.445405393023252,0.23328340000000525,192
D,0.25,0.5,0.001,90,90,0,34,63,27,34,0,0,56,1,349802.8823529412,330345,590085,1.301999999999999,1.0068912,0.29510879999999884,3.488372093023256,3.7834808930232557,0,136
D,0.25,0.5,0.00075,90,90,0,34,63,27,34,0,0,56,1,349802.8823529412,330345,590085,1.301999999999999,0.7551683999999999,0.5468315999999991,3.488372093023256,4.035203693023256,0,136
D,0.25,0.5,0.0005,90,90,0,34,63,27,34,0,0,56,1,349802.8823529412,330345,590085,1.301999999999999,0.5034456,0.7985543999999989,3.488372093023256,4.286926493023255,0,136
D,0.3,0.1,0.001,90,75,15,54,55,20,32,22,0,21,0.5925925925925926,336352,373602,679595,1.0569999999999988,1.5993838000000005,-0.5423838000000016,3.488372093023256,2.945988293023255,0.542383800000001,216
D,0.3,0.1,0.00075,90,90,0,58,63,27,32,26,0,32,0.5517241379310345,316893.0689655172,322343,679595,0.9912000000000012,1.2885305999999996,-0.29733059999999845,3.488372093023256,3.1910414930232545,0.49355529999999836,232
D,0.3,0.1,0.0005,90,90,0,58,63,27,32,26,0,32,0.5517241379310345,316893.0689655172,322343,679595,0.9912000000000012,0.8590204000000004,0.13217960000000084,3.488372093023256,3.620551693023254,0.39717019999999836,232
D,0.3,0.15,0.001,90,90,0,50,63,27,32,18,0,40,0.64,356430.38,385019,679595,1.041600000000002,1.4807939999999997,-0.43919399999999764,3.488372093023256,3.0491780930232575,0.4391939999999983,200
D,0.3,0.15,0.00075,90,90,0,50,63,27,32,18,0,40,0.64,356430.38,385019,679595,1.041600000000002,1.1105954999999994,-0.06899549999999732,3.488372093023256,3.419376593023258,0.22458974999999803,200
D,0.3,0.15,0.0005,90,90,0,50,63,27,32,18,0,40,0.64,356430.38,385019,679595,1.041600000000002,0.7403969999999999,0.3012030000000022,3.488372093023256,3.789575093023256,0.18752649999999838,200
D,0.3,0.2,0.001,90,90,0,46,63,27,32,14,0,44,0.6956521739130435,403836.2826086957,402051,679595,1.0037999999999987,1.3622769999999997,-0.35847700000000104,3.488372093023256,3.129895093023253,0.36250059999999973,184
D,0.3,0.2,0.00075,90,90,0,46,63,27,32,14,0,44,0.6956521739130435,403836.2826086957,402051,679595,1.0037999999999987,1.0217077499999998,-0.01790775000000111,3.488372093023256,3.4704643430232545,0.19169884999999454,184
D,0.3,0.2,0.0005,90,90,0,46,63,27,32,14,0,44,0.6956521739130435,403836.2826086957,402051,679595,1.0037999999999987,0.6811384999999999,0.3226614999999988,3.488372093023256,3.8110335930232533,0.15381029999999907,184
D,0.3,0.25,0.001,90,90,0,46,63,27,32,14,0,44,0.6956521739130435,411181.4347826087,405327,679595,0.9113999999999953,1.3623693999999997,-0.4509694000000044,3.488372093023256,3.0374026930232514,0.4509694000000044,184
D,0.3,0.25,0.00075,90,90,0,46,63,27,32,14,0,44,0.6956521739130435,411181.4347826087,405327,679595,0.9113999999999953,1.0217770499999999,-0.11037705000000453,3.488372093023256,3.37799504302325,0.2379334999999969,184
D,0.3,0.25,0.0005,90,90,0,46,63,27,32,14,0,44,0.6956521739130435,411181.4347826087,405327,679595,0.9113999999999953,0.6811846999999999,0.23021529999999546,3.488372093023256,3.7185873930232503,0.1832250000000002,184
D,0.3,0.3,0.001,90,41,49,41,28,13,28,13,0,0,0.6829268292682927,451314.56097560975,420372,679595,0.6789999999999895,1.2143446,-0.5353446000000105,3.488372093023256,2.9530274930232467,0.535344600000009,164
D,0.3,0.3,0.00075,90,90,0,46,63,27,32,14,0,44,0.6956521739130435,434773.4347826087,405327,679595,0.8147999999999894,1.0218494999999996,-0.2070495000000102,3.488372093023256,3.2813225930232437,0.30452625000000566,184
D,0.3,0.3,0.0005,90,90,0,46,63,27,32,14,0,44,0.6956521739130435,434773.4347826087,405327,679595,0.8147999999999894,0.6812330000000001,0.13356699999998933,3.488372093023256,3.6219390930232445,0.208437600000003,184
D,0.3,0.5,0.001,90,90,0,32,63,27,32,0,0,58,1,437179.46875,408585,679595,1.4489999999999958,0.9478238000000001,0.5011761999999957,3.488372093023256,3.9895482930232515,0,128
D,0.3,0.5,0.00075,90,90,0,32,63,27,32,0,0,58,1,437179.46875,408585,679595,1.4489999999999958,0.7108678499999999,0.738132149999996,3.488372093023256,4.226504243023252,0,128
D,0.3,0.5,0.0005,90,90,0,32,63,27,32,0,0,58,1,437179.46875,408585,679595,1.4489999999999958,0.47391190000000005,0.9750880999999958,3.488372093023256,4.463460193023252,0,128
D,0.5,0.1,0.001,90,35,55,11,24,11,0,11,0,24,0,265794.36363636365,277815,436914,-0.2127999999999975,0.3254972000000001,-0.5382971999999976,3.488372093023256,2.9500748930232588,0.538297199999997,44
D,0.5,0.1,0.00075,90,41,49,13,28,13,0,13,0,28,0,234934.38461538462,190203,436914,-0.2533999999999984,0.28850745000000005,-0.5419074499999985,3.488372093023256,2.946464643023258,0.5419074499999978,52
D,0.5,0.1,0.0005,90,54,36,16,38,16,0,16,0,38,0,204419.875,178601,436914,-0.29959999999999815,0.2367890000000001,-0.5363889999999982,3.488372093023256,2.951983093023257,0.5363889999999989,64
D,0.5,0.15,0.001,90,35,55,11,24,11,0,11,0,24,0,277653.9090909091,283227,442326,-0.24779999999999552,0.32553220000000005,-0.5733321999999956,3.488372093023256,2.91503989302326,0.5733321999999959,44
D,0.5,0.15,0.00075,90,37,53,12,25,12,0,12,0,25,0,261941.08333333334,283227,442326,-0.27019999999999506,0.26634405000000005,-0.5365440499999952,3.488372093023256,2.9518280430232613,0.5365440499999945,48
D,0.5,0.15,0.0005,90,52,38,14,38,14,0,14,0,38,0,236031.57142857142,201716,442326,-0.3177999999999956,0.2071629,-0.5249628999999956,3.488372093023256,2.963409193023259,0.5249628999999967,56
D,0.5,0.2,0.001,90,25,65,9,16,9,0,9,0,16,0,400565.55555555556,422100,546259,-0.2883999999999964,0.2664228,-0.5548227999999964,3.488372093023256,2.933549293023258,0.554822799999998,36
D,0.5,0.2,0.00075,90,26,64,10,16,10,0,10,0,16,0,388951.9,422100,546259,-0.3191999999999962,0.22201830000000003,-0.5412182999999963,3.488372093023256,2.94715379302326,0.5412182999999957,40
D,0.5,0.2,0.0005,90,37,53,12,25,12,0,12,0,25,0,358202.5,387160,546259,-0.38079999999999586,0.17761800000000003,-0.5584179999999959,3.488372093023256,2.9299540930232593,0.5584179999999965,48
D,0.5,0.25,0.001,90,24,66,8,16,8,0,8,0,16,0,433191.625,452388,566959,-0.30659999999999776,0.23687020000000003,-0.5434701999999978,3.488372093023256,2.9449018930232587,0.5434701999999971,32
D,0.5,0.25,0.00075,90,25,65,9,16,9,0,9,0,16,0,419186.22222222225,443282,566959,-0.34579999999999794,0.19986015000000001,-0.545660149999998,3.488372093023256,2.942711943023258,0.545660149999998,36
D,0.5,0.25,0.0005,90,26,64,10,16,10,0,10,0,16,0,407828.7,443282,566959,-0.3849999999999981,0.14804510000000004,-0.5330450999999982,3.488372093023256,2.9553269930232577,0.533045099999998,40
D,0.5,0.3,0.001,90,24,66,8,16,8,0,8,0,16,0,507434.625,544997,659568,-0.3640000000000013,0.23692760000000002,-0.6009276000000013,3.488372093023256,2.8874444930232555,0.6009276000000003,32
D,0.5,0.3,0.00075,90,24,66,8,16,8,0,8,0,16,0,507434.625,544997,659568,-0.3640000000000013,0.17769570000000004,-0.5416957000000013,3.488372093023256,2.946676393023254,0.5416957000000018,32
D,0.5,0.3,0.0005,90,25,65,9,16,9,0,9,0,16,0,492209.55555555556,506548,659568,-0.4088000000000024,0.13327160000000002,-0.5420716000000024,3.488372093023256,2.9463004930232537,0.5420716000000021,36
D,0.5,0.5,0.001,90,90,0,0,63,27,0,0,0,90,0,0,0,0,0,0,0,3.488372093023256,3.488372093023256,0,0
D,0.5,0.5,0.00075,90,90,0,0,63,27,0,0,0,90,0,0,0,0,0,0,0,3.488372093023256,3.488372093023256,0,0
D,0.5,0.5,0.0005,90,90,0,0,63,27,0,0,0,90,0,0,0,0,0,0,0,3.488372093023256,3.488372093023256,0,0