candidate,TP,SL,attemptedEntries,completedTrades,openAtSessionEnd,tpHits,slHits,winRate,avgHoldMs,grossPnlUsdt,feesUsdt,netPnlUsdt
A,0.1,0.08,165,154,11,87,67,0.564935064935065,184625.7922077922,0.4241999999999741,4.5610978,-4.136897800000026
A,0.1,0.1,165,149,16,87,62,0.5838926174496645,188619.44295302013,0.3331999999999793,4.412900799999998,-4.079700800000019
A,0.1,0.12,165,147,18,87,60,0.5918367346938775,192351.4081632653,0.29399999999998083,4.353591200000001,-4.05959120000002
A,0.1,0.15,165,136,29,87,49,0.6397058823529411,201590.8455882353,0.3457999999999818,4.027412199999999,-3.681612200000017
A,0.1,0.2,165,127,38,87,40,0.6850393700787402,235998.96062992126,0.17779999999998153,3.7608325999999996,-3.583032600000018
A,0.1,0.25,165,127,38,87,40,0.6850393700787402,243578.35433070865,-0.0644000000000311,3.7610748,-3.825474800000031
A,0.1,0.3,165,126,39,87,39,0.6904761904761905,267531.99206349207,-0.31500000000003364,3.731709799999999,-4.046709800000032
A,0.1,0.5,165,87,78,87,0,1,184961.0459770115,1.4587999999999748,2.5766440000000004,-1.1178440000000256
A,0.1,0.75,165,87,78,87,0,1,184961.0459770115,1.4587999999999748,2.5766440000000004,-1.1178440000000256
A,0.1,1,165,87,78,87,0,1,184961.0459770115,1.4587999999999748,2.5766440000000004,-1.1178440000000256
A,0.1,1.5,165,87,78,87,0,1,184961.0459770115,1.4587999999999748,2.5766440000000004,-1.1178440000000256
A,0.15,0.08,165,131,34,64,67,0.48854961832061067,214943.3816793893,0.40740000000000337,3.8791634000000026,-3.471763399999999
A,0.15,0.1,165,126,39,64,62,0.5079365079365079,220869.11111111112,0.3164000000000086,3.7309664000000007,-3.414566399999992
A,0.15,0.12,165,124,41,64,60,0.5161290322580645,225813.4516129032,0.277200000000011,3.671656800000002,-3.3944567999999906
A,0.15,0.15,165,113,52,64,49,0.5663716814159292,240190.84955752213,0.32900000000001106,3.3454778000000016,-3.0164777999999908
A,0.15,0.2,165,104,61,64,40,0.6153846153846154,285548.83653846156,0.16100000000001058,3.0788982000000016,-2.917898199999991
A,0.15,0.25,165,104,61,64,40,0.6153846153846154,294804.4423076923,-0.08120000000000138,3.0791404000000018,-3.160340400000003
A,0.15,0.3,165,103,62,64,39,0.6213592233009708,324604.2912621359,-0.33180000000000454,3.0497754000000015,-3.3815754000000062
A,0.15,0.5,165,64,101,64,0,1,247137.84375,1.4420000000000062,1.8947095999999997,-0.4527095999999935
A,0.15,0.75,165,64,101,64,0,1,247137.84375,1.4420000000000062,1.8947095999999997,-0.4527095999999935
A,0.15,1,165,64,101,64,0,1,247137.84375,1.4420000000000062,1.8947095999999997,-0.4527095999999935
A,0.15,1.5,165,64,101,64,0,1,247137.84375,1.4420000000000062,1.8947095999999997,-0.4527095999999935
A,0.2,0.08,165,129,36,62,67,0.4806201550387597,251768.63565891472,0.9309999999999676,3.820402600000003,-2.8894026000000355
A,0.2,0.1,165,124,41,62,62,0.5,259274.8306451613,0.8399999999999712,3.672205600000001,-2.83220560000003
A,0.2,0.12,165,122,43,62,60,0.5081967213114754,264929.8278688525,0.8007999999999733,3.6128960000000023,-2.812096000000029
A,0.2,0.15,165,111,54,62,49,0.5585585585585585,283442.6756756757,0.8525999999999723,3.286717000000002,-2.43411700000003
A,0.2,0.2,165,102,63,62,40,0.6078431372549019,333506.3725490196,0.6845999999999721,3.0201374000000025,-2.3355374000000304
A,0.2,0.25,165,102,63,62,40,0.6078431372549019,342943.46078431373,0.44239999999995966,3.0203796000000023,-2.5779796000000426
A,0.2,0.3,165,101,64,62,39,0.6138613861386139,373810.0297029703,0.19179999999995695,2.9910146000000024,-2.7992146000000453
A,0.2,0.5,165,62,103,62,0,1,324796.6612903226,1.9655999999999687,1.8359487999999997,0.129651199999969
A,0.2,0.75,165,62,103,62,0,1,324796.6612903226,1.9655999999999687,1.8359487999999997,0.129651199999969
A,0.2,1,165,62,103,62,0,1,324796.6612903226,1.9655999999999687,1.8359487999999997,0.129651199999969
A,0.2,1.5,165,62,103,62,0,1,324796.6612903226,1.9655999999999687,1.8359487999999997,0.129651199999969
A,0.25,0.08,165,121,44,54,67,0.4462809917355372,266458.4132231405,1.0290000000000006,3.583525400000002,-2.554525400000001
A,0.25,0.1,165,116,49,54,62,0.46551724137931033,275115.4568965517,0.9380000000000044,3.4353284,-2.4973283999999953
A,0.25,0.12,165,114,51,54,60,0.47368421052631576,281445.20175438595,0.8988000000000058,3.376018800000001,-2.4772187999999953
A,0.25,0.15,165,103,62,54,49,0.5242718446601942,303159.71844660194,0.9506000000000054,3.049839800000001,-2.0992397999999954
A,0.25,0.2,165,94,71,54,40,0.574468085106383,359371.9574468085,0.7826000000000061,2.7832602000000013,-2.000660199999995
A,0.25,0.25,165,94,71,54,40,0.574468085106383,369612.2021276596,0.540399999999994,2.7835024000000015,-2.2431024000000077
A,0.25,0.3,165,93,72,54,39,0.5806451612903226,403420.72043010755,0.2897999999999911,2.754137400000001,-2.46433740000001
A,0.25,0.5,165,54,111,54,0,1,368531.6111111111,2.0635999999999997,1.5990715999999996,0.46452840000000006
A,0.25,0.75,165,54,111,54,0,1,368531.6111111111,2.0635999999999997,1.5990715999999996,0.46452840000000006
A,0.25,1,165,54,111,54,0,1,368531.6111111111,2.0635999999999997,1.5990715999999996,0.46452840000000006
A,0.25,1.5,165,54,111,54,0,1,368531.6111111111,2.0635999999999997,1.5990715999999996,0.46452840000000006
A,0.3,0.08,165,119,46,52,67,0.4369747899159664,303170.14285714284,1.3216000000000014,3.5246091999999996,-2.203009199999998
A,0.3,0.1,165,114,51,52,62,0.45614035087719296,313589.22807017545,1.2306000000000057,3.3764121999999976,-2.145812199999992
A,0.3,0.12,165,112,53,52,60,0.4642857142857143,320719.03571428574,1.1914000000000067,3.317102599999999,-2.1257025999999923
A,0.3,0.15,165,101,64,52,49,0.5148514851485149,347140.8910891089,1.2432000000000059,2.9909235999999986,-1.7477235999999927
A,0.3,0.2,165,92,73,52,40,0.5652173913043478,408877.64130434784,1.0752000000000055,2.7243439999999985,-1.649143999999993
A,0.3,0.25,165,92,73,52,40,0.5652173913043478,419340.5,0.8329999999999933,2.724586199999999,-1.8915862000000059
A,0.3,0.3,165,91,74,52,39,0.5714285714285714,454438.52747252746,0.5823999999999898,2.6952211999999984,-2.112821200000009
A,0.3,0.5,165,52,113,52,0,1,456470.8846153846,2.3562000000000003,1.5401554000000004,0.8160445999999999
A,0.3,0.75,165,52,113,52,0,1,456470.8846153846,2.3562000000000003,1.5401554000000004,0.8160445999999999
A,0.3,1,165,52,113,52,0,1,456470.8846153846,2.3562000000000003,1.5401554000000004,0.8160445999999999
A,0.3,1.5,165,52,113,52,0,1,456470.8846153846,2.3562000000000003,1.5401554000000004,0.8160445999999999
A,0.5,0.08,165,67,98,0,67,0,184190.46268656716,-1.034600000000003,1.9844538,-3.019053800000003
A,0.5,0.1,165,62,103,0,62,0,193753,-1.1255999999999975,1.8362568000000006,-2.961856799999998
A,0.5,0.12,165,60,105,0,60,0,203067.43333333332,-1.1647999999999943,1.7769471999999997,-2.941747199999994
A,0.5,0.15,165,49,116,0,49,0,231117.22448979592,-1.1129999999999949,1.4507681999999997,-2.563768199999995
A,0.5,0.2,165,40,125,0,40,0,347006.425,-1.2809999999999957,1.1841885999999995,-2.465188599999995
A,0.5,0.25,165,40,125,0,40,0,371071,-1.5232000000000063,1.1844308000000001,-2.7076308000000067
A,0.5,0.3,165,39,126,0,39,0,451728.71794871794,-1.7738000000000111,1.1550658000000003,-2.928865800000011
A,0.5,0.5,165,0,165,0,0,0,0,0,0,0
A,0.5,0.75,165,0,165,0,0,0,0,0,0,0
A,0.5,1,165,0,165,0,0,0,0,0,0,0
A,0.5,1.5,165,0,165,0,0,0,0,0,0,0
A,0.75,0.08,165,67,98,0,67,0,184190.46268656716,-1.034600000000003,1.9844538,-3.019053800000003
A,0.75,0.1,165,62,103,0,62,0,193753,-1.1255999999999975,1.8362568000000006,-2.961856799999998
A,0.75,0.12,165,60,105,0,60,0,203067.43333333332,-1.1647999999999943,1.7769471999999997,-2.941747199999994
A,0.75,0.15,165,49,116,0,49,0,231117.22448979592,-1.1129999999999949,1.4507681999999997,-2.563768199999995
A,0.75,0.2,165,40,125,0,40,0,347006.425,-1.2809999999999957,1.1841885999999995,-2.465188599999995
A,0.75,0.25,165,40,125,0,40,0,371071,-1.5232000000000063,1.1844308000000001,-2.7076308000000067
A,0.75,0.3,165,39,126,0,39,0,451728.71794871794,-1.7738000000000111,1.1550658000000003,-2.928865800000011
A,0.75,0.5,165,0,165,0,0,0,0,0,0,0
A,0.75,0.75,165,0,165,0,0,0,0,0,0,0
A,0.75,1,165,0,165,0,0,0,0,0,0,0
A,0.75,1.5,165,0,165,0,0,0,0,0,0,0
A,1,0.08,165,67,98,0,67,0,184190.46268656716,-1.034600000000003,1.9844538,-3.019053800000003
A,1,0.1,165,62,103,0,62,0,193753,-1.1255999999999975,1.8362568000000006,-2.961856799999998
A,1,0.12,165,60,105,0,60,0,203067.43333333332,-1.1647999999999943,1.7769471999999997,-2.941747199999994
A,1,0.15,165,49,116,0,49,0,231117.22448979592,-1.1129999999999949,1.4507681999999997,-2.563768199999995
A,1,0.2,165,40,125,0,40,0,347006.425,-1.2809999999999957,1.1841885999999995,-2.465188599999995
A,1,0.25,165,40,125,0,40,0,371071,-1.5232000000000063,1.1844308000000001,-2.7076308000000067
A,1,0.3,165,39,126,0,39,0,451728.71794871794,-1.7738000000000111,1.1550658000000003,-2.928865800000011
A,1,0.5,165,0,165,0,0,0,0,0,0,0
A,1,0.75,165,0,165,0,0,0,0,0,0,0
A,1,1,165,0,165,0,0,0,0,0,0,0
A,1,1.5,165,0,165,0,0,0,0,0,0,0
A,1.5,0.08,165,67,98,0,67,0,184190.46268656716,-1.034600000000003,1.9844538,-3.019053800000003
A,1.5,0.1,165,62,103,0,62,0,193753,-1.1255999999999975,1.8362568000000006,-2.961856799999998
A,1.5,0.12,165,60,105,0,60,0,203067.43333333332,-1.1647999999999943,1.7769471999999997,-2.941747199999994
A,1.5,0.15,165,49,116,0,49,0,231117.22448979592,-1.1129999999999949,1.4507681999999997,-2.563768199999995
A,1.5,0.2,165,40,125,0,40,0,347006.425,-1.2809999999999957,1.1841885999999995,-2.465188599999995
A,1.5,0.25,165,40,125,0,40,0,371071,-1.5232000000000063,1.1844308000000001,-2.7076308000000067
A,1.5,0.3,165,39,126,0,39,0,451728.71794871794,-1.7738000000000111,1.1550658000000003,-2.928865800000011
A,1.5,0.5,165,0,165,0,0,0,0,0,0,0
A,1.5,0.75,165,0,165,0,0,0,0,0,0,0
A,1.5,1,165,0,165,0,0,0,0,0,0,0
A,1.5,1.5,165,0,165,0,0,0,0,0,0,0
B,0.1,0.08,96,88,8,56,32,0.6363636363636364,167771.06818181818,0.44939999999998304,2.6065382,-2.157138200000017
B,0.1,0.1,96,84,12,56,28,0.6666666666666666,170103,0.4395999999999921,2.4879568,-2.048356800000008
B,0.1,0.12,96,82,14,56,26,0.6829268292682927,173135.03658536586,0.4367999999999846,2.428663999999999,-1.9918640000000145
B,0.1,0.15,96,75,21,56,19,0.7466666666666667,181173.81333333332,0.505399999999994,2.2210565999999994,-1.7156566000000053
B,0.1,0.2,96,71,25,56,15,0.7887323943661971,203425.64788732395,0.4591999999999901,2.1025479999999996,-1.6433480000000096
B,0.1,0.25,96,71,25,56,15,0.7887323943661971,208312.78873239437,0.3597999999999871,2.1026473999999995,-1.7428474000000125
B,0.1,0.3,96,71,25,56,15,0.7887323943661971,224494.54929577466,0.25619999999998183,2.1027509999999996,-1.8465510000000178
B,0.1,0.5,96,56,40,56,0,1,169311.89285714287,0.935199999999988,1.6584987999999996,-0.7232988000000116
B,0.1,0.75,96,56,40,56,0,1,169311.89285714287,0.935199999999988,1.6584987999999996,-0.7232988000000116
B,0.1,1,96,56,40,56,0,1,169311.89285714287,0.935199999999988,1.6584987999999996,-0.7232988000000116
B,0.1,1.5,96,56,40,56,0,1,169311.89285714287,0.935199999999988,1.6584987999999996,-0.7232988000000116
B,0.15,0.08,96,74,22,42,32,0.5675675675675675,201217.45945945947,0.4619999999999956,2.1914507999999997,-1.7294508000000042
B,0.15,0.1,96,70,26,42,28,0.6,205927,0.4522000000000043,2.0728694000000005,-1.6206693999999962
B,0.15,0.12,96,68,28,42,26,0.6176470588235294,210636.92647058822,0.44939999999999763,2.013576600000001,-1.5641766000000032
B,0.15,0.15,96,61,35,42,19,0.6885245901639344,224824.16393442624,0.5180000000000065,1.8059692,-1.2879691999999936
B,0.15,0.2,96,57,39,42,15,0.7368421052631579,255604.54385964913,0.4718000000000027,1.6874605999999996,-1.215660599999997
B,0.15,0.25,96,57,39,42,15,0.7368421052631579,261692.0350877193,0.37239999999999956,1.68756,-1.3151600000000003
B,0.15,0.3,96,57,39,42,15,0.7368421052631579,281848.2631578947,0.2687999999999943,1.6876636000000005,-1.418863600000006
B,0.15,0.5,96,42,54,42,0,1,228754.85714285713,0.9477999999999999,1.2434113999999998,-0.29561139999999997
B,0.15,0.75,96,42,54,42,0,1,228754.85714285713,0.9477999999999999,1.2434113999999998,-0.29561139999999997
B,0.15,1,96,42,54,42,0,1,228754.85714285713,0.9477999999999999,1.2434113999999998,-0.29561139999999997
B,0.15,1.5,96,42,54,42,0,1,228754.85714285713,0.9477999999999999,1.2434113999999998,-0.29561139999999997
B,0.2,0.08,96,73,23,41,32,0.5616438356164384,240350.42465753425,0.8119999999999759,2.16216,-1.3501600000000242
B,0.2,0.1,96,69,27,41,28,0.5942028985507246,247396.79710144928,0.802199999999984,2.0435786000000005,-1.2413786000000164
B,0.2,0.12,96,67,29,41,26,0.6119402985074627,253414.92537313432,0.7993999999999777,1.9842858,-1.1848858000000224
B,0.2,0.15,96,60,36,41,19,0.6833333333333333,272829.38333333336,0.8679999999999861,1.7766783999999995,-0.9086784000000134
B,0.2,0.2,96,56,40,41,15,0.7321428571428571,307588.35714285716,0.8217999999999825,1.6581697999999996,-0.836369800000017
B,0.2,0.25,96,56,40,41,15,0.7321428571428571,313784.5535714286,0.7223999999999796,1.6582691999999994,-0.9358692000000198
B,0.2,0.3,96,56,40,41,15,0.7321428571428571,334300.71428571426,0.6187999999999743,1.6583727999999998,-1.0395728000000255
B,0.2,0.5,96,41,55,41,0,1,299102.26829268294,1.2977999999999803,1.2141205999999998,0.08367939999998053
B,0.2,0.75,96,41,55,41,0,1,299102.26829268294,1.2977999999999803,1.2141205999999998,0.08367939999998053
B,0.2,1,96,41,55,41,0,1,299102.26829268294,1.2977999999999803,1.2141205999999998,0.08367939999998053
B,0.2,1.5,96,41,55,41,0,1,299102.26829268294,1.2977999999999803,1.2141205999999998,0.08367939999998053
B,0.25,0.08,96,69,27,37,32,0.5362318840579711,262472.47826086957,0.9295999999999967,2.0437900000000004,-1.1141900000000038
B,0.25,0.1,96,65,31,37,28,0.5692307692307692,271313.8307692308,0.9198000000000048,1.9252086000000008,-1.005408599999996
B,0.25,0.12,96,63,33,37,26,0.5873015873015873,278473.3333333333,0.9169999999999974,1.8659158000000005,-0.9489158000000031
B,0.25,0.15,96,56,40,37,19,0.6607142857142857,302406.83928571426,0.985600000000006,1.6583084,-0.6727083999999939
B,0.25,0.2,96,52,44,37,15,0.7115384615384616,342114.76923076925,0.9394000000000029,1.5397998,-0.600399799999997
B,0.25,0.25,96,52,44,37,15,0.7115384615384616,348787.5961538461,0.8399999999999996,1.5398992,-0.6998992000000004
B,0.25,0.3,96,52,44,37,15,0.7115384615384616,370881.92307692306,0.7363999999999944,1.5400028000000003,-0.803602800000006
B,0.25,0.5,96,37,59,37,0,1,346708.45945945947,1.415399999999999,1.0957506000000004,0.31964939999999875
B,0.25,0.75,96,37,59,37,0,1,346708.45945945947,1.415399999999999,1.0957506000000004,0.31964939999999875
B,0.25,1,96,37,59,37,0,1,346708.45945945947,1.415399999999999,1.0957506000000004,0.31964939999999875
B,0.25,1.5,96,37,59,37,0,1,346708.45945945947,1.415399999999999,1.0957506000000004,0.31964939999999875
B,0.3,0.08,96,66,30,34,32,0.5151515151515151,303221.24242424243,1.0541999999999945,1.9550958000000003,-0.9008958000000058
B,0.3,0.1,96,62,34,34,28,0.5483870967741935,315119.3548387097,1.0444000000000027,1.8365144000000007,-0.792114399999998
B,0.3,0.12,96,60,36,34,26,0.5666666666666667,324097.01666666666,1.0415999999999948,1.7772216000000003,-0.7356216000000055
B,0.3,0.15,96,53,43,34,19,0.6415094339622641,355411.0188679245,1.1102000000000034,1.5696142,-0.45941419999999655
B,0.3,0.2,96,49,47,34,15,0.6938775510204082,401876.9183673469,1.064,1.4511055999999998,-0.3871055999999997
B,0.3,0.25,96,49,47,34,15,0.6938775510204082,408958.28571428574,0.9645999999999966,1.4512049999999999,-0.4866050000000033
B,0.3,0.3,96,49,47,34,15,0.6938775510204082,432405.32653061225,0.8609999999999912,1.4513086000000002,-0.590308600000009
B,0.3,0.5,96,34,62,34,0,1,433241.5882352941,1.5399999999999967,1.0070564,0.5329435999999967
B,0.3,0.75,96,34,62,34,0,1,433241.5882352941,1.5399999999999967,1.0070564,0.5329435999999967
B,0.3,1,96,34,62,34,0,1,433241.5882352941,1.5399999999999967,1.0070564,0.5329435999999967
B,0.3,1.5,96,34,62,34,0,1,433241.5882352941,1.5399999999999967,1.0070564,0.5329435999999967
B,0.5,0.08,96,32,64,0,32,0,165074.625,-0.4858000000000041,0.9480394000000003,-1.4338394000000045
B,0.5,0.1,96,28,68,0,28,0,171685.2142857143,-0.4955999999999949,0.8294580000000001,-1.325057999999995
B,0.5,0.12,96,26,70,0,26,0,181369.5,-0.49840000000000223,0.7701652000000001,-1.2685652000000023
B,0.5,0.15,96,19,77,0,19,0,216135.26315789475,-0.42979999999999324,0.5625578,-0.9923577999999933
B,0.5,0.2,96,15,81,0,15,0,330783.6666666667,-0.47599999999999687,0.4440492000000001,-0.9200491999999969
B,0.5,0.25,96,15,81,0,15,0,353916.13333333336,-0.5754,0.4441486000000001,-1.0195486000000002
B,0.5,0.3,96,15,81,0,15,0,430509.8,-0.6790000000000055,0.4442522000000001,-1.1232522000000056
B,0.5,0.5,96,0,96,0,0,0,0,0,0,0
B,0.5,0.75,96,0,96,0,0,0,0,0,0,0
B,0.5,1,96,0,96,0,0,0,0,0,0,0
B,0.5,1.5,96,0,96,0,0,0,0,0,0,0
B,0.75,0.08,96,32,64,0,32,0,165074.625,-0.4858000000000041,0.9480394000000003,-1.4338394000000045
B,0.75,0.1,96,28,68,0,28,0,171685.2142857143,-0.4955999999999949,0.8294580000000001,-1.325057999999995
B,0.75,0.12,96,26,70,0,26,0,181369.5,-0.49840000000000223,0.7701652000000001,-1.2685652000000023
B,0.75,0.15,96,19,77,0,19,0,216135.26315789475,-0.42979999999999324,0.5625578,-0.9923577999999933
B,0.75,0.2,96,15,81,0,15,0,330783.6666666667,-0.47599999999999687,0.4440492000000001,-0.9200491999999969
B,0.75,0.25,96,15,81,0,15,0,353916.13333333336,-0.5754,0.4441486000000001,-1.0195486000000002
B,0.75,0.3,96,15,81,0,15,0,430509.8,-0.6790000000000055,0.4442522000000001,-1.1232522000000056
B,0.75,0.5,96,0,96,0,0,0,0,0,0,0
B,0.75,0.75,96,0,96,0,0,0,0,0,0,0
B,0.75,1,96,0,96,0,0,0,0,0,0,0
B,0.75,1.5,96,0,96,0,0,0,0,0,0,0
B,1,0.08,96,32,64,0,32,0,165074.625,-0.4858000000000041,0.9480394000000003,-1.4338394000000045
B,1,0.1,96,28,68,0,28,0,171685.2142857143,-0.4955999999999949,0.8294580000000001,-1.325057999999995
B,1,0.12,96,26,70,0,26,0,181369.5,-0.49840000000000223,0.7701652000000001,-1.2685652000000023
B,1,0.15,96,19,77,0,19,0,216135.26315789475,-0.42979999999999324,0.5625578,-0.9923577999999933
B,1,0.2,96,15,81,0,15,0,330783.6666666667,-0.47599999999999687,0.4440492000000001,-0.9200491999999969
B,1,0.25,96,15,81,0,15,0,353916.13333333336,-0.5754,0.4441486000000001,-1.0195486000000002
B,1,0.3,96,15,81,0,15,0,430509.8,-0.6790000000000055,0.4442522000000001,-1.1232522000000056
B,1,0.5,96,0,96,0,0,0,0,0,0,0
B,1,0.75,96,0,96,0,0,0,0,0,0,0
B,1,1,96,0,96,0,0,0,0,0,0,0
B,1,1.5,96,0,96,0,0,0,0,0,0,0
B,1.5,0.08,96,32,64,0,32,0,165074.625,-0.4858000000000041,0.9480394000000003,-1.4338394000000045
B,1.5,0.1,96,28,68,0,28,0,171685.2142857143,-0.4955999999999949,0.8294580000000001,-1.325057999999995
B,1.5,0.12,96,26,70,0,26,0,181369.5,-0.49840000000000223,0.7701652000000001,-1.2685652000000023
B,1.5,0.15,96,19,77,0,19,0,216135.26315789475,-0.42979999999999324,0.5625578,-0.9923577999999933
B,1.5,0.2,96,15,81,0,15,0,330783.6666666667,-0.47599999999999687,0.4440492000000001,-0.9200491999999969
B,1.5,0.25,96,15,81,0,15,0,353916.13333333336,-0.5754,0.4441486000000001,-1.0195486000000002
B,1.5,0.3,96,15,81,0,15,0,430509.8,-0.6790000000000055,0.4442522000000001,-1.1232522000000056
B,1.5,0.5,96,0,96,0,0,0,0,0,0,0
B,1.5,0.75,96,0,96,0,0,0,0,0,0,0
B,1.5,1,96,0,96,0,0,0,0,0,0,0
B,1.5,1.5,96,0,96,0,0,0,0,0,0,0
C,0.1,0.08,152,143,9,81,62,0.5664335664335665,185518.76223776225,0.398999999999977,4.235438200000001,-3.836438200000024
C,0.1,0.1,152,138,14,81,57,0.5869565217391305,189789,0.3219999999999835,4.087232799999999,-3.7652328000000153
C,0.1,0.12,152,137,15,81,56,0.5912408759124088,192793.98540145985,0.2701999999999846,4.057573799999999,-3.787373800000015
C,0.1,0.15,152,126,26,81,45,0.6428571428571429,202646.95238095237,0.33319999999998523,3.7313835999999996,-3.3981836000000145
C,0.1,0.2,152,117,35,81,36,0.6923076923076923,237245.4188034188,0.20159999999998557,3.4647675999999996,-3.2631676000000143
C,0.1,0.25,152,117,35,81,36,0.6923076923076923,244417.86324786325,-0.01540000000002603,3.4649845999999993,-3.480384600000025
C,0.1,0.3,152,116,36,81,35,0.6982758620689655,267644.4482758621,-0.23660000000002956,3.435590199999999,-3.6721902000000286
C,0.1,0.5,152,81,71,81,0,1,187666.65432098764,1.35519999999998,2.3990007999999996,-1.0438008000000196
C,0.1,0.75,152,81,71,81,0,1,187666.65432098764,1.35519999999998,2.3990007999999996,-1.0438008000000196
C,0.1,1,152,81,71,81,0,1,187666.65432098764,1.35519999999998,2.3990007999999996,-1.0438008000000196
C,0.1,1.5,152,81,71,81,0,1,187666.65432098764,1.35519999999998,2.3990007999999996,-1.0438008000000196
C,0.15,0.08,152,121,31,59,62,0.48760330578512395,216138.9090909091,0.37240000000000145,3.583143200000003,-3.2107432000000014
C,0.15,0.1,152,116,36,59,57,0.5086206896551724,222538.85344827586,0.29540000000000777,3.4349378000000015,-3.1395377999999936
C,0.15,0.12,152,115,37,59,56,0.5130434782608696,226403.48695652175,0.24360000000000945,3.405278800000001,-3.1616787999999914
C,0.15,0.15,152,104,48,59,45,0.5673076923076923,241895.58653846153,0.3066000000000096,3.0790886000000017,-2.772488599999992
C,0.15,0.2,152,95,57,59,36,0.6210526315789474,288224.6210526316,0.17500000000000987,2.8124726000000018,-2.6374725999999917
C,0.15,0.25,152,95,57,59,36,0.6210526315789474,297058.05263157893,-0.042000000000001377,2.812689600000002,-2.8546896000000035
C,0.15,0.3,152,94,58,59,35,0.6276595744680851,326280.6489361702,-0.2632000000000052,2.7832952000000013,-3.0464952000000065
C,0.15,0.5,152,59,93,59,0,1,251264.81355932204,1.3286000000000058,1.7467057999999995,-0.41810579999999375
C,0.15,0.75,152,59,93,59,0,1,251264.81355932204,1.3286000000000058,1.7467057999999995,-0.41810579999999375
C,0.15,1,152,59,93,59,0,1,251264.81355932204,1.3286000000000058,1.7467057999999995,-0.41810579999999375
C,0.15,1.5,152,59,93,59,0,1,251264.81355932204,1.3286000000000058,1.7467057999999995,-0.41810579999999375
C,0.2,0.08,152,119,33,57,62,0.4789915966386555,252212.8487394958,0.8497999999999686,3.5243362000000036,-2.674536200000035
C,0.2,0.1,152,114,38,57,57,0.5,260307.26315789475,0.7727999999999735,3.3761308000000017,-2.603330800000028
C,0.2,0.12,152,113,39,57,56,0.504424778761062,264574.5309734513,0.7209999999999757,3.3464718000000016,-2.625471800000026
C,0.2,0.15,152,102,50,57,45,0.5588235294117647,284486.8823529412,0.7839999999999748,3.0202816000000023,-2.2362816000000274
C,0.2,0.2,152,93,59,57,36,0.6129032258064516,335933.9784946237,0.6523999999999756,2.7536656000000024,-2.1012656000000267
C,0.2,0.25,152,93,59,57,36,0.6129032258064516,344957.376344086,0.4353999999999641,2.753882600000002,-2.318482600000038
C,0.2,0.3,152,92,60,57,35,0.6195652173913043,375335.89130434784,0.21419999999996064,2.724488200000002,-2.5102882000000415
C,0.2,0.5,152,57,95,57,0,1,327809.56140350876,1.8059999999999725,1.6878987999999997,0.11810119999997282
C,0.2,0.75,152,57,95,57,0,1,327809.56140350876,1.8059999999999725,1.6878987999999997,0.11810119999997282
C,0.2,1,152,57,95,57,0,1,327809.56140350876,1.8059999999999725,1.6878987999999997,0.11810119999997282
C,0.2,1.5,152,57,95,57,0,1,327809.56140350876,1.8059999999999725,1.6878987999999997,0.11810119999997282
C,0.25,0.08,152,111,41,49,62,0.44144144144144143,266231.5495495495,0.918399999999999,3.2874296000000016,-2.369029600000003
C,0.25,0.1,152,106,46,49,57,0.46226415094339623,275598.12264150946,0.8414000000000044,3.1392241999999997,-2.2978241999999955
C,0.25,0.12,152,105,47,49,56,0.4666666666666667,280336.14285714284,0.7896000000000059,3.1095651999999996,-2.3199651999999937
C,0.25,0.15,152,94,58,49,45,0.5212765957446809,303787.60638297873,0.8526000000000051,2.7833750000000004,-1.9307749999999952
C,0.25,0.2,152,85,67,49,36,0.5764705882352941,362120.38823529414,0.7210000000000066,2.5167590000000004,-1.7957589999999937
C,0.25,0.25,152,85,67,49,36,0.5764705882352941,371993.0470588235,0.5039999999999953,2.516976,-2.0129760000000045
C,0.25,0.3,152,84,68,49,35,0.5833333333333334,405586.60714285716,0.28279999999999156,2.4875816000000004,-2.204781600000009
C,0.25,0.5,152,49,103,49,0,1,371908.5306122449,1.8746000000000005,1.4509921999999995,0.423607800000001
C,0.25,0.75,152,49,103,49,0,1,371908.5306122449,1.8746000000000005,1.4509921999999995,0.423607800000001
C,0.25,1,152,49,103,49,0,1,371908.5306122449,1.8746000000000005,1.4509921999999995,0.423607800000001
C,0.25,1.5,152,49,103,49,0,1,371908.5306122449,1.8746000000000005,1.4509921999999995,0.423607800000001
C,0.3,0.08,152,110,42,48,62,0.43636363636363634,303721,1.218,3.258124800000001,-2.040124800000001
C,0.3,0.1,152,105,47,48,57,0.45714285714285713,314961.99047619046,1.1410000000000053,3.109919399999999,-1.9689193999999937
C,0.3,0.12,152,104,48,48,56,0.46153846153846156,320124.0673076923,1.089200000000006,3.080260399999999,-1.991060399999993
C,0.3,0.15,152,93,59,48,45,0.5161290322580645,348533.79569892475,1.152200000000005,2.7540701999999997,-1.6018701999999947
C,0.3,0.2,152,84,68,48,36,0.5714285714285714,412355.25,1.0206000000000057,2.4874541999999997,-1.466854199999994
C,0.3,0.25,152,84,68,48,36,0.5714285714285714,422345.4404761905,0.8035999999999941,2.4876711999999994,-1.6840712000000053
C,0.3,0.3,152,83,69,48,35,0.5783132530120482,456950.3975903614,0.5823999999999897,2.4582767999999993,-1.8758768000000097
C,0.3,0.5,152,48,104,48,0,1,460023.4583333333,2.174200000000001,1.4216874000000002,0.7525126000000006
C,0.3,0.75,152,48,104,48,0,1,460023.4583333333,2.174200000000001,1.4216874000000002,0.7525126000000006
C,0.3,1,152,48,104,48,0,1,460023.4583333333,2.174200000000001,1.4216874000000002,0.7525126000000006
C,0.3,1.5,152,48,104,48,0,1,460023.4583333333,2.174200000000001,1.4216874000000002,0.7525126000000006
C,0.5,0.08,152,62,90,0,62,0,182712.64516129033,-0.9562000000000048,1.8364374,-2.7926374000000047
C,0.5,0.1,152,57,95,0,57,0,192804.9649122807,-1.0331999999999981,1.6882320000000006,-2.7214319999999987
C,0.5,0.12,152,56,96,0,56,0,200210.30357142858,-1.0849999999999953,1.6585729999999996,-2.743572999999995
C,0.5,0.15,152,45,107,0,45,0,229611.48888888888,-1.021999999999996,1.3323828,-2.3543827999999962
C,0.5,0.2,152,36,116,0,36,0,348797.6388888889,-1.1535999999999955,1.0657668,-2.2193667999999955
C,0.5,0.25,152,36,116,0,36,0,372108.0833333333,-1.370600000000006,1.0659838000000004,-2.4365838000000064
C,0.5,0.3,152,35,117,0,35,0,452735.9142857143,-1.5918000000000114,1.0365894,-2.628389400000011
C,0.5,0.5,152,0,152,0,0,0,0,0,0,0
C,0.5,0.75,152,0,152,0,0,0,0,0,0,0
C,0.5,1,152,0,152,0,0,0,0,0,0,0
C,0.5,1.5,152,0,152,0,0,0,0,0,0,0
C,0.75,0.08,152,62,90,0,62,0,182712.64516129033,-0.9562000000000048,1.8364374,-2.7926374000000047
C,0.75,0.1,152,57,95,0,57,0,192804.9649122807,-1.0331999999999981,1.6882320000000006,-2.7214319999999987
C,0.75,0.12,152,56,96,0,56,0,200210.30357142858,-1.0849999999999953,1.6585729999999996,-2.743572999999995
C,0.75,0.15,152,45,107,0,45,0,229611.48888888888,-1.021999999999996,1.3323828,-2.3543827999999962
C,0.75,0.2,152,36,116,0,36,0,348797.6388888889,-1.1535999999999955,1.0657668,-2.2193667999999955
C,0.75,0.25,152,36,116,0,36,0,372108.0833333333,-1.370600000000006,1.0659838000000004,-2.4365838000000064
C,0.75,0.3,152,35,117,0,35,0,452735.9142857143,-1.5918000000000114,1.0365894,-2.628389400000011
C,0.75,0.5,152,0,152,0,0,0,0,0,0,0
C,0.75,0.75,152,0,152,0,0,0,0,0,0,0
C,0.75,1,152,0,152,0,0,0,0,0,0,0
C,0.75,1.5,152,0,152,0,0,0,0,0,0,0
C,1,0.08,152,62,90,0,62,0,182712.64516129033,-0.9562000000000048,1.8364374,-2.7926374000000047
C,1,0.1,152,57,95,0,57,0,192804.9649122807,-1.0331999999999981,1.6882320000000006,-2.7214319999999987
C,1,0.12,152,56,96,0,56,0,200210.30357142858,-1.0849999999999953,1.6585729999999996,-2.743572999999995
C,1,0.15,152,45,107,0,45,0,229611.48888888888,-1.021999999999996,1.3323828,-2.3543827999999962
C,1,0.2,152,36,116,0,36,0,348797.6388888889,-1.1535999999999955,1.0657668,-2.2193667999999955
C,1,0.25,152,36,116,0,36,0,372108.0833333333,-1.370600000000006,1.0659838000000004,-2.4365838000000064
C,1,0.3,152,35,117,0,35,0,452735.9142857143,-1.5918000000000114,1.0365894,-2.628389400000011
C,1,0.5,152,0,152,0,0,0,0,0,0,0
C,1,0.75,152,0,152,0,0,0,0,0,0,0
C,1,1,152,0,152,0,0,0,0,0,0,0
C,1,1.5,152,0,152,0,0,0,0,0,0,0
C,1.5,0.08,152,62,90,0,62,0,182712.64516129033,-0.9562000000000048,1.8364374,-2.7926374000000047
C,1.5,0.1,152,57,95,0,57,0,192804.9649122807,-1.0331999999999981,1.6882320000000006,-2.7214319999999987
C,1.5,0.12,152,56,96,0,56,0,200210.30357142858,-1.0849999999999953,1.6585729999999996,-2.743572999999995
C,1.5,0.15,152,45,107,0,45,0,229611.48888888888,-1.021999999999996,1.3323828,-2.3543827999999962
C,1.5,0.2,152,36,116,0,36,0,348797.6388888889,-1.1535999999999955,1.0657668,-2.2193667999999955
C,1.5,0.25,152,36,116,0,36,0,372108.0833333333,-1.370600000000006,1.0659838000000004,-2.4365838000000064
C,1.5,0.3,152,35,117,0,35,0,452735.9142857143,-1.5918000000000114,1.0365894,-2.628389400000011
C,1.5,0.5,152,0,152,0,0,0,0,0,0,0
C,1.5,0.75,152,0,152,0,0,0,0,0,0,0
C,1.5,1,152,0,152,0,0,0,0,0,0,0
C,1.5,1.5,152,0,152,0,0,0,0,0,0,0
D,0.1,0.08,90,83,7,53,30,0.6385542168674698,168404.5421686747,0.4213999999999845,2.458505,-2.0371050000000155
D,0.1,0.1,90,79,11,53,26,0.6708860759493671,170818.51898734178,0.42419999999999414,2.3399166,-1.9157166000000059
D,0.1,0.12,90,78,12,53,25,0.6794871794871795,173659.2435897436,0.40599999999998676,2.3102771999999994,-1.9042772000000125
D,0.1,0.15,90,71,19,53,18,0.7464788732394366,182202.5915492958,0.474599999999996,2.1026698,-1.628069800000004
D,0.1,0.2,90,67,23,53,14,0.7910447761194029,204348.26865671642,0.4367999999999926,1.9841528,-1.5473528000000074
D,0.1,0.25,90,67,23,53,14,0.7910447761194029,209391.20895522388,0.34439999999998916,1.9842452,-1.6398452000000108
D,0.1,0.3,90,67,23,53,14,0.7910447761194029,225588.7014925373,0.24779999999998353,1.9843418000000002,-1.7365418000000166
D,0.1,0.5,90,53,37,53,0,1,171785.05660377358,0.8819999999999908,1.5696995999999996,-0.6876996000000088
D,0.1,0.75,90,53,37,53,0,1,171785.05660377358,0.8819999999999908,1.5696995999999996,-0.6876996000000088
D,0.1,1,90,53,37,53,0,1,171785.05660377358,0.8819999999999908,1.5696995999999996,-0.6876996000000088
D,0.1,1.5,90,53,37,53,0,1,171785.05660377358,0.8819999999999908,1.5696995999999996,-0.6876996000000088
D,0.15,0.08,90,69,21,39,30,0.5652173913043478,202469.5507246377,0.41859999999999337,2.0434022000000005,-1.624802200000007
D,0.15,0.1,90,65,25,39,26,0.6,207499.76923076922,0.4214000000000026,1.9248138000000008,-1.5034137999999981
D,0.15,0.12,90,64,26,39,25,0.609375,211535.046875,0.40319999999999595,1.8951744000000008,-1.4919744000000048
D,0.15,0.15,90,57,33,39,18,0.6842105263157895,226828.1754385965,0.47180000000000466,1.6875669999999998,-1.2157669999999952
D,0.15,0.2,90,53,37,39,14,0.7358490566037735,258191.62264150943,0.4340000000000013,1.5690499999999998,-1.1350499999999986
D,0.15,0.25,90,53,37,39,14,0.7358490566037735,264566.6603773585,0.34159999999999774,1.5691424,-1.2275424000000024
D,0.15,0.3,90,53,37,39,14,0.7358490566037735,285042.7358490566,0.24499999999999209,1.5692390000000005,-1.3242390000000084
D,0.15,0.5,90,39,51,39,0,1,233267.4358974359,0.8791999999999985,1.1545967999999998,-0.2753968000000012
D,0.15,0.75,90,39,51,39,0,1,233267.4358974359,0.8791999999999985,1.1545967999999998,-0.2753968000000012
D,0.15,1,90,39,51,39,0,1,233267.4358974359,0.8791999999999985,1.1545967999999998,-0.2753968000000012
D,0.15,1.5,90,39,51,39,0,1,233267.4358974359,0.8791999999999985,1.1545967999999998,-0.2753968000000012
D,0.2,0.08,90,68,22,38,30,0.5588235294117647,240767.42647058822,0.7433999999999761,2.0140862000000004,-1.2706862000000243
D,0.2,0.1,90,64,26,38,26,0.59375,248269.859375,0.7461999999999853,1.8954978000000005,-1.1492978000000151
D,0.2,0.12,90,63,27,38,25,0.6031746031746031,253016.33333333334,0.7279999999999789,1.8658584,-1.1378584000000211
D,0.2,0.15,90,56,34,38,18,0.6785714285714286,273767.71428571426,0.7965999999999874,1.6582509999999997,-0.8616510000000123
D,0.2,0.2,90,52,38,38,14,0.7307692307692307,309345.03846153844,0.7587999999999842,1.5397339999999997,-0.7809340000000156
D,0.2,0.25,90,52,38,38,14,0.7307692307692307,315842.67307692306,0.6663999999999808,1.5398263999999997,-0.8734264000000189
D,0.2,0.3,90,52,38,38,14,0.7307692307692307,336712.51923076925,0.5697999999999751,1.539923,-0.9701230000000248
D,0.2,0.5,90,38,52,38,0,1,302610.94736842107,1.2039999999999818,1.1252807999999999,0.07871919999998189
D,0.2,0.75,90,38,52,38,0,1,302610.94736842107,1.2039999999999818,1.1252807999999999,0.07871919999998189
D,0.2,1,90,38,52,38,0,1,302610.94736842107,1.2039999999999818,1.1252807999999999,0.07871919999998189
D,0.2,1.5,90,38,52,38,0,1,302610.94736842107,1.2039999999999818,1.1252807999999999,0.07871919999998189
D,0.25,0.08,90,64,26,34,30,0.53125,261972.921875,0.8413999999999946,1.8956966000000006,-1.054296600000006
D,0.25,0.1,90,60,30,34,26,0.5666666666666667,271389.2166666667,0.8442000000000036,1.777108200000001,-0.9329081999999973
D,0.25,0.12,90,59,31,34,25,0.576271186440678,276849.33898305084,0.8259999999999967,1.7474688000000005,-0.9214688000000038
D,0.25,0.15,90,52,38,34,18,0.6538461538461539,302405.26923076925,0.8946000000000054,1.5398614000000002,-0.6452613999999948
D,0.25,0.2,90,48,42,34,14,0.7083333333333334,343333.8333333333,0.8568000000000024,1.4213444000000002,-0.5645443999999977
D,0.25,0.25,90,48,42,34,14,0.7083333333333334,350372.9375,0.7643999999999989,1.4214368000000002,-0.6570368000000013
D,0.25,0.3,90,48,42,34,14,0.7083333333333334,372981.9375,0.6677999999999935,1.4215334000000004,-0.7537334000000069
D,0.25,0.5,90,34,56,34,0,1,349802.8823529412,1.301999999999999,1.0068912,0.29510879999999884
D,0.25,0.75,90,34,56,34,0,1,349802.8823529412,1.301999999999999,1.0068912,0.29510879999999884
D,0.25,1,90,34,56,34,0,1,349802.8823529412,1.301999999999999,1.0068912,0.29510879999999884
D,0.25,1.5,90,34,56,34,0,1,349802.8823529412,1.301999999999999,1.0068912,0.29510879999999884
D,0.3,0.08,90,62,28,32,30,0.5161290322580645,304237.29032258067,0.9883999999999924,1.8366292000000002,-0.8482292000000078
D,0.3,0.1,90,58,32,32,26,0.5517241379310345,316893.0689655172,0.9912000000000012,1.7180408000000007,-0.7268407999999995
D,0.3,0.12,90,57,33,32,25,0.5614035087719298,323343.08771929826,0.9729999999999934,1.6884014000000003,-0.7154014000000068
D,0.3,0.15,90,50,40,32,18,0.64,356430.38,1.041600000000002,1.4807939999999997,-0.43919399999999764
D,0.3,0.2,90,46,44,32,14,0.6956521739130435,403836.2826086957,1.0037999999999987,1.3622769999999997,-0.35847700000000104
D,0.3,0.25,90,46,44,32,14,0.6956521739130435,411181.4347826087,0.9113999999999953,1.3623693999999997,-0.4509694000000044
D,0.3,0.3,90,46,44,32,14,0.6956521739130435,434773.4347826087,0.8147999999999894,1.3624660000000002,-0.5476660000000108
D,0.3,0.5,90,32,58,32,0,1,437179.46875,1.4489999999999958,0.9478238000000001,0.5011761999999957
D,0.3,0.75,90,32,58,32,0,1,437179.46875,1.4489999999999958,0.9478238000000001,0.5011761999999957
D,0.3,1,90,32,58,32,0,1,437179.46875,1.4489999999999958,0.9478238000000001,0.5011761999999957
D,0.3,1.5,90,32,58,32,0,1,437179.46875,1.4489999999999958,0.9478238000000001,0.5011761999999957
D,0.5,0.08,90,30,60,0,30,0,162432.3,-0.4606000000000051,0.8888054000000003,-1.3494054000000055
D,0.5,0.1,90,26,64,0,26,0,168848.26923076922,-0.4577999999999955,0.7702170000000002,-1.2280169999999957
D,0.5,0.12,90,25,65,0,25,0,177632.52,-0.4760000000000028,0.7405776000000002,-1.216577600000003
D,0.5,0.15,90,18,72,0,18,0,212876.44444444444,-0.4073999999999937,0.5329702000000001,-0.9403701999999938
D,0.5,0.2,90,14,76,0,14,0,327623.28571428574,-0.445199999999997,0.4144532000000001,-0.859653199999997
D,0.5,0.25,90,14,76,0,14,0,351757.35714285716,-0.5376000000000006,0.4145456000000001,-0.9521456000000008
D,0.5,0.3,90,14,76,0,14,0,429273.9285714286,-0.6342000000000064,0.41464220000000007,-1.0488422000000064
D,0.5,0.5,90,0,90,0,0,0,0,0,0,0
D,0.5,0.75,90,0,90,0,0,0,0,0,0,0
D,0.5,1,90,0,90,0,0,0,0,0,0,0
D,0.5,1.5,90,0,90,0,0,0,0,0,0,0
D,0.75,0.08,90,30,60,0,30,0,162432.3,-0.4606000000000051,0.8888054000000003,-1.3494054000000055
D,0.75,0.1,90,26,64,0,26,0,168848.26923076922,-0.4577999999999955,0.7702170000000002,-1.2280169999999957
D,0.75,0.12,90,25,65,0,25,0,177632.52,-0.4760000000000028,0.7405776000000002,-1.216577600000003
D,0.75,0.15,90,18,72,0,18,0,212876.44444444444,-0.4073999999999937,0.5329702000000001,-0.9403701999999938
D,0.75,0.2,90,14,76,0,14,0,327623.28571428574,-0.445199999999997,0.4144532000000001,-0.859653199999997
D,0.75,0.25,90,14,76,0,14,0,351757.35714285716,-0.5376000000000006,0.4145456000000001,-0.9521456000000008
D,0.75,0.3,90,14,76,0,14,0,429273.9285714286,-0.6342000000000064,0.41464220000000007,-1.0488422000000064
D,0.75,0.5,90,0,90,0,0,0,0,0,0,0
D,0.75,0.75,90,0,90,0,0,0,0,0,0,0
D,0.75,1,90,0,90,0,0,0,0,0,0,0
D,0.75,1.5,90,0,90,0,0,0,0,0,0,0
D,1,0.08,90,30,60,0,30,0,162432.3,-0.4606000000000051,0.8888054000000003,-1.3494054000000055
D,1,0.1,90,26,64,0,26,0,168848.26923076922,-0.4577999999999955,0.7702170000000002,-1.2280169999999957
D,1,0.12,90,25,65,0,25,0,177632.52,-0.4760000000000028,0.7405776000000002,-1.216577600000003
D,1,0.15,90,18,72,0,18,0,212876.44444444444,-0.4073999999999937,0.5329702000000001,-0.9403701999999938
D,1,0.2,90,14,76,0,14,0,327623.28571428574,-0.445199999999997,0.4144532000000001,-0.859653199999997
D,1,0.25,90,14,76,0,14,0,351757.35714285716,-0.5376000000000006,0.4145456000000001,-0.9521456000000008
D,1,0.3,90,14,76,0,14,0,429273.9285714286,-0.6342000000000064,0.41464220000000007,-1.0488422000000064
D,1,0.5,90,0,90,0,0,0,0,0,0,0
D,1,0.75,90,0,90,0,0,0,0,0,0,0
D,1,1,90,0,90,0,0,0,0,0,0,0
D,1,1.5,90,0,90,0,0,0,0,0,0,0
D,1.5,0.08,90,30,60,0,30,0,162432.3,-0.4606000000000051,0.8888054000000003,-1.3494054000000055
D,1.5,0.1,90,26,64,0,26,0,168848.26923076922,-0.4577999999999955,0.7702170000000002,-1.2280169999999957
D,1.5,0.12,90,25,65,0,25,0,177632.52,-0.4760000000000028,0.7405776000000002,-1.216577600000003
D,1.5,0.15,90,18,72,0,18,0,212876.44444444444,-0.4073999999999937,0.5329702000000001,-0.9403701999999938
D,1.5,0.2,90,14,76,0,14,0,327623.28571428574,-0.445199999999997,0.4144532000000001,-0.859653199999997
D,1.5,0.25,90,14,76,0,14,0,351757.35714285716,-0.5376000000000006,0.4145456000000001,-0.9521456000000008
D,1.5,0.3,90,14,76,0,14,0,429273.9285714286,-0.6342000000000064,0.41464220000000007,-1.0488422000000064
D,1.5,0.5,90,0,90,0,0,0,0,0,0,0
D,1.5,0.75,90,0,90,0,0,0,0,0,0,0
D,1.5,1,90,0,90,0,0,0,0,0,0,0
D,1.5,1.5,90,0,90,0,0,0,0,0,0,0