Behavior,Timeframe,Event,Forward Window,Observations,Mean Return %,Median Return %,Positive %,Baseline Return %
Momentum,1m,pos_0.25_0.50,1,1188,0.0014,-0.0061,48.23,0.0001
Momentum,1m,pos_0.25_0.50,3,1188,0.0084,-0.0086,47.81,0.0004
Momentum,1m,pos_0.25_0.50,5,1188,0.0029,-0.0107,47.98,0.0007
Momentum,1m,pos_0.25_0.50,10,1188,0.0004,-0.0176,47.81,0.0014
Momentum,1m,pos_0.50_1.00,1,158,0.0048,-0.0093,46.20,0.0001
Momentum,1m,pos_0.50_1.00,3,158,0.0265,0.0017,50.00,0.0004
Momentum,1m,pos_0.50_1.00,5,158,0.0170,0.0102,50.63,0.0007
Momentum,1m,pos_0.50_1.00,10,158,0.0184,-0.1011,40.51,0.0014
Momentum,1m,pos_gt_1.00,1,11,-0.1711,-0.0766,27.27,0.0001
Momentum,1m,pos_gt_1.00,3,11,-0.3754,-0.1916,27.27,0.0004
Momentum,1m,pos_gt_1.00,5,11,-0.2206,-0.1023,27.27,0.0007
Momentum,1m,pos_gt_1.00,10,11,-0.0478,0.1311,63.64,0.0014
Momentum,1m,neg_0.25_0.50,1,1058,0.0054,0.0120,54.44,0.0001
Momentum,1m,neg_0.25_0.50,3,1058,0.0152,0.0267,58.60,0.0004
Momentum,1m,neg_0.25_0.50,5,1058,0.0261,0.0388,59.55,0.0007
Momentum,1m,neg_0.25_0.50,10,1058,0.0317,0.0364,56.33,0.0014
Momentum,1m,neg_0.50_1.00,1,112,-0.0145,-0.0045,48.21,0.0001
Momentum,1m,neg_0.50_1.00,3,112,0.0012,0.0238,55.36,0.0004
Momentum,1m,neg_0.50_1.00,5,112,-0.0116,0.1165,56.25,0.0007
Momentum,1m,neg_0.50_1.00,10,112,-0.0242,0.0400,57.14,0.0014
Momentum,1m,neg_lt_1.00,1,14,0.0358,0.0908,50.00,0.0001
Momentum,1m,neg_lt_1.00,3,14,-0.0081,-0.1629,35.71,0.0004
Momentum,1m,neg_lt_1.00,5,14,-0.0313,-0.0516,35.71,0.0007
Momentum,1m,neg_lt_1.00,10,14,0.1436,0.2275,50.00,0.0014
Breakout,1m,long_5,1,20543,0.0002,0.0000,48.60,0.0001
Breakout,1m,long_5,3,20543,-0.0003,-0.0014,47.77,0.0004
Breakout,1m,long_5,5,20543,-0.0008,-0.0033,47.58,0.0007
Breakout,1m,long_5,10,20543,-0.0000,-0.0050,47.67,0.0014
Breakout,1m,long_10,1,14250,-0.0003,0.0000,47.78,0.0001
Breakout,1m,long_10,3,14250,-0.0015,-0.0027,46.95,0.0004
Breakout,1m,long_10,5,14250,-0.0017,-0.0049,46.72,0.0007
Breakout,1m,long_10,10,14250,-0.0010,-0.0059,47.26,0.0014
Breakout,1m,long_20,1,9428,-0.0004,-0.0000,46.89,0.0001
Breakout,1m,long_20,3,9428,-0.0017,-0.0037,46.20,0.0004
Breakout,1m,long_20,5,9428,-0.0016,-0.0065,45.82,0.0007
Breakout,1m,long_20,10,9428,-0.0005,-0.0068,46.90,0.0014
Breakout,1m,short_5,1,20867,-0.0003,0.0000,47.56,0.0001
Breakout,1m,short_5,3,20867,0.0008,0.0000,50.10,0.0004
Breakout,1m,short_5,5,20867,0.0022,0.0013,50.94,0.0007
Breakout,1m,short_5,10,20867,0.0030,0.0024,51.06,0.0014
Breakout,1m,short_10,1,14581,-0.0003,0.0000,47.77,0.0001
Breakout,1m,short_10,3,14581,0.0009,0.0002,50.60,0.0004
Breakout,1m,short_10,5,14581,0.0035,0.0028,51.94,0.0007
Breakout,1m,short_10,10,14581,0.0040,0.0041,52.05,0.0014
Breakout,1m,short_20,1,9901,-0.0007,0.0000,48.01,0.0001
Breakout,1m,short_20,3,9901,0.0014,0.0012,51.27,0.0004
Breakout,1m,short_20,5,9901,0.0045,0.0043,52.99,0.0007
Breakout,1m,short_20,10,9901,0.0057,0.0063,52.97,0.0014
MeanRev,1m,pos_0.25_0.50,1,2668,-0.0012,-0.0079,45.73,0.0001
MeanRev,1m,pos_0.25_0.50,3,2668,0.0028,-0.0160,44.79,0.0004
MeanRev,1m,pos_0.25_0.50,5,2668,0.0082,-0.0161,45.05,0.0007
MeanRev,1m,pos_0.25_0.50,10,2668,0.0143,-0.0185,46.03,0.0014
MeanRev,1m,pos_0.50_1.00,1,503,-0.0014,-0.0104,46.92,0.0001
MeanRev,1m,pos_0.50_1.00,3,503,0.0029,-0.0236,45.92,0.0004
MeanRev,1m,pos_0.50_1.00,5,503,-0.0008,-0.0360,45.33,0.0007
MeanRev,1m,pos_0.50_1.00,10,503,0.0087,-0.0489,44.93,0.0014
MeanRev,1m,pos_gt_1.00,1,53,0.0019,-0.0371,41.51,0.0001
MeanRev,1m,pos_gt_1.00,3,53,-0.0273,0.0460,52.83,0.0004
MeanRev,1m,pos_gt_1.00,5,53,-0.0659,0.0222,56.60,0.0007
MeanRev,1m,pos_gt_1.00,10,53,-0.0762,-0.0162,47.17,0.0014
MeanRev,1m,neg_0.25_0.50,1,2569,0.0008,0.0045,52.63,0.0001
MeanRev,1m,neg_0.25_0.50,3,2569,0.0016,0.0131,53.83,0.0004
MeanRev,1m,neg_0.25_0.50,5,2569,0.0053,0.0159,54.26,0.0007
MeanRev,1m,neg_0.25_0.50,10,2569,0.0074,0.0238,54.03,0.0014
MeanRev,1m,neg_0.50_1.00,1,332,0.0126,0.0317,57.83,0.0001
MeanRev,1m,neg_0.50_1.00,3,332,0.0623,0.0846,63.86,0.0004
MeanRev,1m,neg_0.50_1.00,5,332,0.0788,0.1073,65.06,0.0007
MeanRev,1m,neg_0.50_1.00,10,332,0.0638,0.0885,57.53,0.0014
MeanRev,1m,neg_lt_1.00,1,51,0.0011,-0.0246,43.14,0.0001
MeanRev,1m,neg_lt_1.00,3,51,-0.0836,-0.1345,43.14,0.0004
MeanRev,1m,neg_lt_1.00,5,51,-0.1461,-0.0571,45.10,0.0007
MeanRev,1m,neg_lt_1.00,10,51,-0.2171,-0.0032,49.02,0.0014
VolExpand,1m,inc_10_25,1,6706,-0.0008,0.0000,46.88,0.0001
VolExpand,1m,inc_10_25,3,6706,-0.0003,0.0000,49.00,0.0004
VolExpand,1m,inc_10_25,5,6706,-0.0001,0.0000,49.90,0.0007
VolExpand,1m,inc_10_25,10,6706,-0.0010,0.0000,49.79,0.0014
VolExpand,1m,inc_25_50,1,1216,0.0017,0.0000,48.77,0.0001
VolExpand,1m,inc_25_50,3,1216,-0.0027,0.0000,48.77,0.0004
VolExpand,1m,inc_25_50,5,1216,-0.0010,0.0000,49.10,0.0007
VolExpand,1m,inc_25_50,10,1216,-0.0018,-0.0000,49.10,0.0014
VolExpand,1m,inc_gt_50,1,383,-0.0060,0.0000,43.34,0.0001
VolExpand,1m,inc_gt_50,3,383,-0.0019,0.0000,45.69,0.0004
VolExpand,1m,inc_gt_50,5,383,-0.0006,-0.0001,46.74,0.0007
VolExpand,1m,inc_gt_50,10,383,0.0040,-0.0001,49.35,0.0014
Momentum,5m,pos_0.25_0.50,1,2554,0.0042,-0.0061,47.73,0.0007
Momentum,5m,pos_0.25_0.50,3,2554,0.0111,-0.0081,47.81,0.0021
Momentum,5m,pos_0.25_0.50,5,2554,0.0110,-0.0099,48.63,0.0035
Momentum,5m,pos_0.25_0.50,10,2554,0.0094,-0.0128,48.36,0.0069
Momentum,5m,pos_0.50_1.00,1,474,0.0092,-0.0211,45.36,0.0007
Momentum,5m,pos_0.50_1.00,3,474,0.0617,0.0107,51.27,0.0021
Momentum,5m,pos_0.50_1.00,5,474,0.0601,0.0128,50.84,0.0035
Momentum,5m,pos_0.50_1.00,10,474,0.0702,-0.0229,47.89,0.0069
Momentum,5m,pos_gt_1.00,1,53,-0.0673,-0.0442,43.40,0.0007
Momentum,5m,pos_gt_1.00,3,53,-0.1323,-0.1367,37.74,0.0021
Momentum,5m,pos_gt_1.00,5,53,-0.0488,-0.1023,41.51,0.0035
Momentum,5m,pos_gt_1.00,10,53,-0.0193,-0.1044,49.06,0.0069
Momentum,5m,neg_0.25_0.50,1,2356,0.0014,0.0086,53.01,0.0007
Momentum,5m,neg_0.25_0.50,3,2356,0.0050,0.0194,55.52,0.0021
Momentum,5m,neg_0.25_0.50,5,2356,0.0168,0.0288,56.15,0.0035
Momentum,5m,neg_0.25_0.50,10,2356,0.0250,0.0309,54.20,0.0069
Momentum,5m,neg_0.50_1.00,1,391,0.0049,0.0128,51.66,0.0007
Momentum,5m,neg_0.50_1.00,3,391,0.0184,0.0433,57.29,0.0021
Momentum,5m,neg_0.50_1.00,5,391,0.0101,0.0784,57.80,0.0035
Momentum,5m,neg_0.50_1.00,10,391,0.0445,0.1008,59.08,0.0069
Momentum,5m,neg_lt_1.00,1,46,0.0495,0.1356,58.70,0.0007
Momentum,5m,neg_lt_1.00,3,46,0.0280,0.0202,52.17,0.0021
Momentum,5m,neg_lt_1.00,5,46,0.0678,-0.0210,47.83,0.0035
Momentum,5m,neg_lt_1.00,10,46,0.1786,0.2120,56.52,0.0069
Breakout,5m,long_5,1,23872,0.0003,0.0000,48.22,0.0007
Breakout,5m,long_5,3,23872,0.0002,-0.0020,47.65,0.0021
Breakout,5m,long_5,5,23872,0.0004,-0.0036,47.63,0.0035
Breakout,5m,long_5,10,23872,0.0007,-0.0055,47.62,0.0069
Breakout,5m,long_10,1,16458,-0.0001,0.0000,47.45,0.0007
Breakout,5m,long_10,3,16458,-0.0008,-0.0031,46.88,0.0021
Breakout,5m,long_10,5,16458,-0.0003,-0.0054,46.74,0.0035
Breakout,5m,long_10,10,16458,0.0001,-0.0066,47.09,0.0069
Breakout,5m,long_20,1,10869,-0.0000,-0.0000,46.67,0.0007
Breakout,5m,long_20,3,10869,-0.0008,-0.0044,46.13,0.0021
Breakout,5m,long_20,5,10869,-0.0004,-0.0073,45.80,0.0035
Breakout,5m,long_20,10,10869,0.0007,-0.0082,46.55,0.0069
Breakout,5m,short_5,1,24404,0.0005,0.0000,48.43,0.0007
Breakout,5m,short_5,3,24404,0.0018,0.0003,50.63,0.0021
Breakout,5m,short_5,5,24404,0.0039,0.0024,51.50,0.0035
Breakout,5m,short_5,10,24404,0.0058,0.0035,51.55,0.0069
Breakout,5m,short_10,1,16947,0.0007,0.0000,48.69,0.0007
Breakout,5m,short_10,3,16947,0.0027,0.0014,51.32,0.0021
Breakout,5m,short_10,5,16947,0.0056,0.0040,52.53,0.0035
Breakout,5m,short_10,10,16947,0.0082,0.0061,52.65,0.0069
Breakout,5m,short_20,1,11399,0.0006,0.0000,48.94,0.0007
Breakout,5m,short_20,3,11399,0.0032,0.0024,51.91,0.0021
Breakout,5m,short_20,5,11399,0.0063,0.0052,53.29,0.0035
Breakout,5m,short_20,10,11399,0.0096,0.0081,53.43,0.0069
MeanRev,5m,pos_0.25_0.50,1,3309,0.0001,-0.0050,46.90,0.0007
MeanRev,5m,pos_0.25_0.50,3,3309,0.0034,-0.0106,46.24,0.0021
MeanRev,5m,pos_0.25_0.50,5,3309,0.0081,-0.0121,46.24,0.0035
MeanRev,5m,pos_0.25_0.50,10,3309,0.0130,-0.0151,46.87,0.0069
MeanRev,5m,pos_0.50_1.00,1,2311,-0.0018,-0.0007,48.51,0.0007
MeanRev,5m,pos_0.50_1.00,3,2311,-0.0005,-0.0010,49.55,0.0021
MeanRev,5m,pos_0.50_1.00,5,2311,-0.0010,-0.0034,48.77,0.0035
MeanRev,5m,pos_0.50_1.00,10,2311,-0.0008,-0.0024,49.33,0.0069
MeanRev,5m,pos_gt_1.00,1,15732,0.0006,-0.0001,48.65,0.0007
MeanRev,5m,pos_gt_1.00,3,15732,0.0017,-0.0021,48.95,0.0021
MeanRev,5m,pos_gt_1.00,5,15732,0.0026,-0.0026,49.10,0.0035
MeanRev,5m,pos_gt_1.00,10,15732,0.0056,-0.0018,49.62,0.0069
MeanRev,5m,neg_0.25_0.50,1,3062,0.0015,0.0035,52.58,0.0007
MeanRev,5m,neg_0.25_0.50,3,3062,0.0041,0.0140,54.51,0.0021
MeanRev,5m,neg_0.25_0.50,5,3062,0.0095,0.0175,55.36,0.0035
MeanRev,5m,neg_0.25_0.50,10,3062,0.0166,0.0289,55.78,0.0069
MeanRev,5m,neg_0.50_1.00,1,735,0.0143,0.0193,56.33,0.0007
MeanRev,5m,neg_0.50_1.00,3,735,0.0472,0.0494,61.63,0.0021
MeanRev,5m,neg_0.50_1.00,5,735,0.0610,0.0654,62.72,0.0035
MeanRev,5m,neg_0.50_1.00,10,735,0.0734,0.0677,59.73,0.0069
MeanRev,5m,neg_lt_1.00,1,5542,-0.0000,0.0000,49.95,0.0007
MeanRev,5m,neg_lt_1.00,3,5542,-0.0001,-0.0026,49.39,0.0021
MeanRev,5m,neg_lt_1.00,5,5542,0.0002,0.0014,50.23,0.0035
MeanRev,5m,neg_lt_1.00,10,5542,0.0020,-0.0012,49.84,0.0069
VolExpand,5m,inc_10_25,1,7560,-0.0007,0.0000,46.85,0.0007
VolExpand,5m,inc_10_25,3,7560,-0.0003,0.0000,48.90,0.0021
VolExpand,5m,inc_10_25,5,7560,0.0014,0.0000,49.95,0.0035
VolExpand,5m,inc_10_25,10,7560,0.0031,0.0000,49.99,0.0069
VolExpand,5m,inc_25_50,1,1325,0.0027,0.0000,48.98,0.0007
VolExpand,5m,inc_25_50,3,1325,-0.0014,0.0000,49.06,0.0021
VolExpand,5m,inc_25_50,5,1325,-0.0004,0.0000,49.13,0.0035
VolExpand,5m,inc_25_50,10,1325,-0.0027,-0.0000,49.58,0.0069
VolExpand,5m,inc_gt_50,1,409,-0.0082,0.0000,43.52,0.0007
VolExpand,5m,inc_gt_50,3,409,-0.0010,-0.0000,44.99,0.0021
VolExpand,5m,inc_gt_50,5,409,-0.0002,-0.0020,45.72,0.0035
VolExpand,5m,inc_gt_50,10,409,0.0066,-0.0018,48.41,0.0069
Momentum,15m,pos_0.25_0.50,1,3401,0.0029,-0.0078,47.02,0.0021
Momentum,15m,pos_0.25_0.50,3,3401,0.0085,-0.0086,47.90,0.0062
Momentum,15m,pos_0.25_0.50,5,3401,0.0087,-0.0132,47.99,0.0103
Momentum,15m,pos_0.25_0.50,10,3401,0.0070,-0.0196,47.81,0.0208
Momentum,15m,pos_0.50_1.00,1,811,0.0097,-0.0154,46.98,0.0021
Momentum,15m,pos_0.50_1.00,3,811,0.0554,-0.0016,49.94,0.0062
Momentum,15m,pos_0.50_1.00,5,811,0.0602,-0.0150,48.71,0.0103
Momentum,15m,pos_0.50_1.00,10,811,0.0810,-0.0285,47.10,0.0208
Momentum,15m,pos_gt_1.00,1,151,0.0089,-0.0241,47.02,0.0021
Momentum,15m,pos_gt_1.00,3,151,-0.0225,-0.0161,49.01,0.0062
Momentum,15m,pos_gt_1.00,5,151,0.0902,0.0281,50.99,0.0103
Momentum,15m,pos_gt_1.00,10,151,0.0220,0.0133,50.33,0.0208
Momentum,15m,neg_0.25_0.50,1,3240,0.0036,0.0095,53.18,0.0021
Momentum,15m,neg_0.25_0.50,3,3240,0.0105,0.0216,55.37,0.0062
Momentum,15m,neg_0.25_0.50,5,3240,0.0224,0.0326,56.23,0.0103
Momentum,15m,neg_0.25_0.50,10,3240,0.0291,0.0344,54.01,0.0208
Momentum,15m,neg_0.50_1.00,1,725,0.0170,0.0260,53.66,0.0021
Momentum,15m,neg_0.50_1.00,3,725,0.0459,0.0514,56.69,0.0062
Momentum,15m,neg_0.50_1.00,5,725,0.0282,0.0688,56.28,0.0103
Momentum,15m,neg_0.50_1.00,10,725,0.0670,0.0898,57.93,0.0208
Momentum,15m,neg_lt_1.00,1,110,-0.0052,0.0363,53.64,0.0021
Momentum,15m,neg_lt_1.00,3,110,-0.0251,0.0026,50.00,0.0062
Momentum,15m,neg_lt_1.00,5,110,-0.0368,-0.0225,47.27,0.0103
Momentum,15m,neg_lt_1.00,10,110,-0.0270,0.0003,50.91,0.0208
Breakout,15m,long_5,1,24854,0.0006,0.0000,48.11,0.0021
Breakout,15m,long_5,3,24854,0.0005,-0.0022,47.58,0.0062
Breakout,15m,long_5,5,24854,0.0010,-0.0038,47.56,0.0103
Breakout,15m,long_5,10,24854,0.0007,-0.0060,47.53,0.0208
Breakout,15m,long_10,1,17120,0.0002,0.0000,47.31,0.0021
Breakout,15m,long_10,3,17120,-0.0001,-0.0033,46.79,0.0062
Breakout,15m,long_10,5,17120,0.0005,-0.0057,46.69,0.0103
Breakout,15m,long_10,10,17120,0.0000,-0.0071,47.02,0.0208
Breakout,15m,long_20,1,11303,-0.0001,-0.0000,46.46,0.0021
Breakout,15m,long_20,3,11303,-0.0013,-0.0050,45.96,0.0062
Breakout,15m,long_20,5,11303,-0.0006,-0.0079,45.65,0.0103
Breakout,15m,long_20,10,11303,-0.0006,-0.0088,46.38,0.0208
Breakout,15m,short_5,1,25395,0.0008,0.0000,48.67,0.0021
Breakout,15m,short_5,3,25395,0.0027,0.0006,50.83,0.0062
Breakout,15m,short_5,5,25395,0.0048,0.0029,51.67,0.0103
Breakout,15m,short_5,10,25395,0.0071,0.0039,51.68,0.0208
Breakout,15m,short_10,1,17611,0.0009,0.0000,48.89,0.0021
Breakout,15m,short_10,3,17611,0.0037,0.0019,51.56,0.0062
Breakout,15m,short_10,5,17611,0.0069,0.0046,52.73,0.0103
Breakout,15m,short_10,10,17611,0.0103,0.0067,52.81,0.0208
Breakout,15m,short_20,1,11801,0.0006,0.0000,49.10,0.0021
Breakout,15m,short_20,3,11801,0.0040,0.0029,52.09,0.0062
Breakout,15m,short_20,5,11801,0.0075,0.0056,53.37,0.0103
Breakout,15m,short_20,10,11801,0.0109,0.0083,53.44,0.0208
MeanRev,15m,pos_0.25_0.50,1,3500,-0.0002,-0.0053,46.77,0.0021
MeanRev,15m,pos_0.25_0.50,3,3500,0.0024,-0.0128,45.94,0.0062
MeanRev,15m,pos_0.25_0.50,5,3500,0.0063,-0.0124,46.06,0.0103
MeanRev,15m,pos_0.25_0.50,10,3500,0.0087,-0.0153,46.86,0.0208
MeanRev,15m,pos_0.50_1.00,1,2678,-0.0026,-0.0007,48.62,0.0021
MeanRev,15m,pos_0.50_1.00,3,2678,-0.0027,-0.0001,49.66,0.0062
MeanRev,15m,pos_0.50_1.00,5,2678,-0.0033,-0.0031,48.95,0.0103
MeanRev,15m,pos_0.50_1.00,10,2678,-0.0012,-0.0003,49.78,0.0208
MeanRev,15m,pos_gt_1.00,1,19166,0.0010,-0.0004,48.73,0.0021
MeanRev,15m,pos_gt_1.00,3,19166,0.0032,-0.0020,49.08,0.0062
MeanRev,15m,pos_gt_1.00,5,19166,0.0052,-0.0025,49.25,0.0103
MeanRev,15m,pos_gt_1.00,10,19166,0.0106,-0.0020,49.62,0.0208
MeanRev,15m,neg_0.25_0.50,1,3260,0.0016,0.0033,52.39,0.0021
MeanRev,15m,neg_0.25_0.50,3,3260,0.0042,0.0133,54.42,0.0062
MeanRev,15m,neg_0.25_0.50,5,3260,0.0075,0.0166,54.97,0.0103
MeanRev,15m,neg_0.25_0.50,10,3260,0.0121,0.0283,55.34,0.0208
MeanRev,15m,neg_0.50_1.00,1,1006,0.0135,0.0146,54.47,0.0021
MeanRev,15m,neg_0.50_1.00,3,1006,0.0403,0.0436,59.54,0.0062
MeanRev,15m,neg_0.50_1.00,5,1006,0.0559,0.0618,60.34,0.0103
MeanRev,15m,neg_0.50_1.00,10,1006,0.0684,0.0634,57.95,0.0208
MeanRev,15m,neg_lt_1.00,1,9271,0.0007,-0.0000,49.84,0.0021
MeanRev,15m,neg_lt_1.00,3,9271,0.0024,-0.0005,49.80,0.0062
MeanRev,15m,neg_lt_1.00,5,9271,0.0043,0.0036,50.63,0.0103
MeanRev,15m,neg_lt_1.00,10,9271,0.0102,0.0044,50.58,0.0208
VolExpand,15m,inc_10_25,1,7855,0.0007,0.0000,46.98,0.0021
VolExpand,15m,inc_10_25,3,7855,0.0018,0.0000,48.98,0.0062
VolExpand,15m,inc_10_25,5,7855,0.0037,0.0000,49.90,0.0103
VolExpand,15m,inc_10_25,10,7855,0.0047,0.0000,49.90,0.0208
VolExpand,15m,inc_25_50,1,1362,-0.0010,0.0000,48.60,0.0021
VolExpand,15m,inc_25_50,3,1362,-0.0025,0.0000,49.05,0.0062
VolExpand,15m,inc_25_50,5,1362,-0.0028,0.0000,48.97,0.0103
VolExpand,15m,inc_25_50,10,1362,-0.0047,-0.0000,49.56,0.0208
VolExpand,15m,inc_gt_50,1,414,-0.0054,0.0000,43.48,0.0021
VolExpand,15m,inc_gt_50,3,414,-0.0007,-0.0000,44.93,0.0062
VolExpand,15m,inc_gt_50,5,414,0.0028,-0.0020,45.65,0.0103
VolExpand,15m,inc_gt_50,10,414,0.0091,-0.0018,48.31,0.0208
Momentum,30m,pos_0.25_0.50,1,3933,0.0015,-0.0083,46.99,0.0042
Momentum,30m,pos_0.25_0.50,3,3933,0.0056,-0.0093,47.90,0.0124
Momentum,30m,pos_0.25_0.50,5,3933,0.0047,-0.0158,47.75,0.0208
Momentum,30m,pos_0.25_0.50,10,3933,0.0021,-0.0197,47.78,0.0413
Momentum,30m,pos_0.50_1.00,1,1109,0.0033,-0.0183,46.44,0.0042
Momentum,30m,pos_0.50_1.00,3,1109,0.0556,-0.0071,49.32,0.0124
Momentum,30m,pos_0.50_1.00,5,1109,0.0664,-0.0266,47.61,0.0208
Momentum,30m,pos_0.50_1.00,10,1109,0.0882,-0.0421,46.53,0.0413
Momentum,30m,pos_gt_1.00,1,260,0.0660,0.0088,51.15,0.0042
Momentum,30m,pos_gt_1.00,3,260,0.0490,0.0218,51.15,0.0124
Momentum,30m,pos_gt_1.00,5,260,0.0929,0.0397,53.08,0.0208
Momentum,30m,pos_gt_1.00,10,260,0.0459,-0.0269,49.23,0.0413
Momentum,30m,neg_0.25_0.50,1,3778,0.0043,0.0111,53.41,0.0042
Momentum,30m,neg_0.25_0.50,3,3778,0.0144,0.0229,55.35,0.0124
Momentum,30m,neg_0.25_0.50,5,3778,0.0251,0.0331,55.90,0.0208
Momentum,30m,neg_0.25_0.50,10,3778,0.0312,0.0367,54.16,0.0413
Momentum,30m,neg_0.50_1.00,1,1020,0.0212,0.0284,53.82,0.0042
Momentum,30m,neg_0.50_1.00,3,1020,0.0457,0.0484,56.08,0.0124
Momentum,30m,neg_0.50_1.00,5,1020,0.0335,0.0662,55.39,0.0208
Momentum,30m,neg_0.50_1.00,10,1020,0.0833,0.0837,56.96,0.0413
Momentum,30m,neg_lt_1.00,1,195,-0.0278,0.0006,50.26,0.0042
Momentum,30m,neg_lt_1.00,3,195,-0.0316,0.0065,51.28,0.0124
Momentum,30m,neg_lt_1.00,5,195,0.0190,0.0155,51.28,0.0208
Momentum,30m,neg_lt_1.00,10,195,0.1277,0.0866,57.44,0.0413
Breakout,30m,long_5,1,25353,0.0009,0.0000,48.05,0.0042
Breakout,30m,long_5,3,25353,0.0015,-0.0023,47.59,0.0124
Breakout,30m,long_5,5,25353,0.0021,-0.0039,47.57,0.0208
Breakout,30m,long_5,10,25353,0.0013,-0.0062,47.51,0.0413
Breakout,30m,long_10,1,17447,0.0003,-0.0000,47.24,0.0042
Breakout,30m,long_10,3,17447,0.0002,-0.0035,46.73,0.0124
Breakout,30m,long_10,5,17447,0.0008,-0.0059,46.64,0.0208
Breakout,30m,long_10,10,17447,-0.0004,-0.0075,46.96,0.0413
Breakout,30m,long_20,1,11503,0.0005,-0.0000,46.48,0.0042
Breakout,30m,long_20,3,11503,0.0002,-0.0050,45.97,0.0124
Breakout,30m,long_20,5,11503,0.0010,-0.0081,45.64,0.0208
Breakout,30m,long_20,10,11503,0.0001,-0.0091,46.28,0.0413
Breakout,30m,short_5,1,25850,0.0009,0.0000,48.77,0.0042
Breakout,30m,short_5,3,25850,0.0032,0.0008,50.92,0.0124
Breakout,30m,short_5,5,25850,0.0054,0.0030,51.72,0.0208
Breakout,30m,short_5,10,25850,0.0077,0.0041,51.74,0.0413
Breakout,30m,short_10,1,17906,0.0008,0.0000,48.96,0.0042
Breakout,30m,short_10,3,17906,0.0039,0.0020,51.61,0.0124
Breakout,30m,short_10,5,17906,0.0072,0.0046,52.74,0.0208
Breakout,30m,short_10,10,17906,0.0103,0.0068,52.83,0.0413
Breakout,30m,short_20,1,11986,0.0005,0.0000,49.17,0.0042
Breakout,30m,short_20,3,11986,0.0044,0.0031,52.15,0.0124
Breakout,30m,short_20,5,11986,0.0077,0.0055,53.30,0.0208
Breakout,30m,short_20,10,11986,0.0115,0.0084,53.42,0.0413
MeanRev,30m,pos_0.25_0.50,1,3524,-0.0004,-0.0053,46.82,0.0042
MeanRev,30m,pos_0.25_0.50,3,3524,0.0018,-0.0123,45.97,0.0124
MeanRev,30m,pos_0.25_0.50,5,3524,0.0057,-0.0122,46.17,0.0208
MeanRev,30m,pos_0.25_0.50,10,3524,0.0069,-0.0156,46.79,0.0413
MeanRev,30m,pos_0.50_1.00,1,2730,-0.0032,-0.0012,48.46,0.0042
MeanRev,30m,pos_0.50_1.00,3,2730,-0.0038,-0.0010,49.56,0.0124
MeanRev,30m,pos_0.50_1.00,5,2730,-0.0068,-0.0038,48.72,0.0208
MeanRev,30m,pos_0.50_1.00,10,2730,-0.0069,-0.0024,49.41,0.0413
MeanRev,30m,pos_gt_1.00,1,20363,0.0016,-0.0003,48.83,0.0042
MeanRev,30m,pos_gt_1.00,3,20363,0.0046,-0.0019,49.18,0.0124
MeanRev,30m,pos_gt_1.00,5,20363,0.0076,-0.0020,49.38,0.0208
MeanRev,30m,pos_gt_1.00,10,20363,0.0152,-0.0015,49.73,0.0413
MeanRev,30m,neg_0.25_0.50,1,3274,0.0009,0.0033,52.32,0.0042
MeanRev,30m,neg_0.25_0.50,3,3274,0.0035,0.0132,54.37,0.0124
MeanRev,30m,neg_0.25_0.50,5,3274,0.0073,0.0166,54.95,0.0208
MeanRev,30m,neg_0.25_0.50,10,3274,0.0116,0.0283,55.31,0.0413
MeanRev,30m,neg_0.50_1.00,1,1089,0.0116,0.0129,54.09,0.0042
MeanRev,30m,neg_0.50_1.00,3,1089,0.0418,0.0387,58.03,0.0124
MeanRev,30m,neg_0.50_1.00,5,1089,0.0542,0.0538,58.59,0.0208
MeanRev,30m,neg_0.50_1.00,10,1089,0.0570,0.0545,56.66,0.0413
MeanRev,30m,neg_lt_1.00,1,12124,0.0012,-0.0000,49.85,0.0042
MeanRev,30m,neg_lt_1.00,3,12124,0.0036,0.0000,49.98,0.0124
MeanRev,30m,neg_lt_1.00,5,12124,0.0068,0.0048,50.80,0.0208
MeanRev,30m,neg_lt_1.00,10,12124,0.0156,0.0098,51.20,0.0413
VolExpand,30m,inc_10_25,1,8003,0.0009,0.0000,47.01,0.0042
VolExpand,30m,inc_10_25,3,8003,0.0014,0.0000,49.01,0.0124
VolExpand,30m,inc_10_25,5,8003,0.0027,0.0000,49.83,0.0208
VolExpand,30m,inc_10_25,10,8003,0.0055,0.0000,49.97,0.0413
VolExpand,30m,inc_25_50,1,1383,0.0009,0.0000,48.73,0.0042
VolExpand,30m,inc_25_50,3,1383,-0.0019,0.0000,49.10,0.0124
VolExpand,30m,inc_25_50,5,1383,-0.0030,0.0000,49.02,0.0208
VolExpand,30m,inc_25_50,10,1383,-0.0037,-0.0000,49.60,0.0413
VolExpand,30m,inc_gt_50,1,415,-0.0060,0.0000,43.37,0.0042
VolExpand,30m,inc_gt_50,3,415,-0.0020,-0.0000,44.82,0.0124
VolExpand,30m,inc_gt_50,5,415,0.0008,-0.0022,45.54,0.0208
VolExpand,30m,inc_gt_50,10,415,0.0089,-0.0024,48.19,0.0413
Momentum,1h,pos_0.25_0.50,1,4194,0.0015,-0.0082,47.09,0.0082
Momentum,1h,pos_0.25_0.50,3,4194,0.0031,-0.0095,47.83,0.0249
Momentum,1h,pos_0.25_0.50,5,4194,0.0040,-0.0166,47.59,0.0413
Momentum,1h,pos_0.25_0.50,10,4194,0.0080,-0.0196,47.81,0.0827
Momentum,1h,pos_0.50_1.00,1,1321,-0.0101,-0.0239,45.57,0.0082
Momentum,1h,pos_0.50_1.00,3,1321,0.0325,-0.0214,47.69,0.0249
Momentum,1h,pos_0.50_1.00,5,1321,0.0346,-0.0449,45.95,0.0413
Momentum,1h,pos_0.50_1.00,10,1321,0.0571,-0.0492,46.18,0.0827
Momentum,1h,pos_gt_1.00,1,372,0.0783,0.0159,51.61,0.0082
Momentum,1h,pos_gt_1.00,3,372,0.0909,0.0391,52.15,0.0249
Momentum,1h,pos_gt_1.00,5,372,0.1319,0.0382,52.42,0.0413
Momentum,1h,pos_gt_1.00,10,372,0.1167,0.0133,50.27,0.0827
Momentum,1h,neg_0.25_0.50,1,4030,0.0041,0.0098,53.00,0.0082
Momentum,1h,neg_0.25_0.50,3,4030,0.0126,0.0210,54.81,0.0249
Momentum,1h,neg_0.25_0.50,5,4030,0.0233,0.0338,55.81,0.0413
Momentum,1h,neg_0.25_0.50,10,4030,0.0294,0.0361,53.87,0.0827
Momentum,1h,neg_0.50_1.00,1,1223,0.0198,0.0296,53.80,0.0082
Momentum,1h,neg_0.50_1.00,3,1223,0.0360,0.0450,55.44,0.0249
Momentum,1h,neg_0.50_1.00,5,1223,0.0175,0.0532,53.88,0.0413
Momentum,1h,neg_0.50_1.00,10,1223,0.0669,0.0790,56.09,0.0827
Momentum,1h,neg_lt_1.00,1,296,0.0079,0.0237,52.36,0.0082
Momentum,1h,neg_lt_1.00,3,296,0.0609,0.0511,54.39,0.0249
Momentum,1h,neg_lt_1.00,5,296,0.1388,0.1181,56.76,0.0413
Momentum,1h,neg_lt_1.00,10,296,0.2051,0.1930,58.11,0.0827
Breakout,1h,long_5,1,25578,0.0008,0.0000,47.99,0.0082
Breakout,1h,long_5,3,25578,0.0014,-0.0024,47.56,0.0249
Breakout,1h,long_5,5,25578,0.0020,-0.0040,47.55,0.0413
Breakout,1h,long_5,10,25578,0.0018,-0.0062,47.52,0.0827
Breakout,1h,long_10,1,17596,0.0007,-0.0000,47.21,0.0082
Breakout,1h,long_10,3,17596,0.0006,-0.0036,46.70,0.0249
Breakout,1h,long_10,5,17596,0.0010,-0.0061,46.59,0.0413
Breakout,1h,long_10,10,17596,-0.0001,-0.0075,46.95,0.0827
Breakout,1h,long_20,1,11607,0.0011,-0.0000,46.44,0.0082
Breakout,1h,long_20,3,11607,0.0010,-0.0051,45.95,0.0249
Breakout,1h,long_20,5,11607,0.0016,-0.0083,45.58,0.0413
Breakout,1h,long_20,10,11607,0.0015,-0.0093,46.26,0.0827
Breakout,1h,short_5,1,26062,0.0010,0.0000,48.78,0.0082
Breakout,1h,short_5,3,26062,0.0033,0.0009,50.96,0.0249
Breakout,1h,short_5,5,26062,0.0055,0.0031,51.74,0.0413
Breakout,1h,short_5,10,26062,0.0086,0.0042,51.78,0.0827
Breakout,1h,short_10,1,18045,0.0010,0.0000,48.97,0.0082
Breakout,1h,short_10,3,18045,0.0040,0.0021,51.65,0.0249
Breakout,1h,short_10,5,18045,0.0075,0.0047,52.77,0.0413
Breakout,1h,short_10,10,18045,0.0113,0.0069,52.88,0.0827
Breakout,1h,short_20,1,12070,0.0003,0.0000,49.16,0.0082
Breakout,1h,short_20,3,12070,0.0044,0.0031,52.18,0.0249
Breakout,1h,short_20,5,12070,0.0083,0.0058,53.38,0.0413
Breakout,1h,short_20,10,12070,0.0134,0.0087,53.50,0.0827
MeanRev,1h,pos_0.25_0.50,1,3534,0.0005,-0.0053,46.77,0.0082
MeanRev,1h,pos_0.25_0.50,3,3534,0.0022,-0.0129,45.93,0.0249
MeanRev,1h,pos_0.25_0.50,5,3534,0.0062,-0.0123,46.15,0.0413
MeanRev,1h,pos_0.25_0.50,10,3534,0.0071,-0.0156,46.77,0.0827
MeanRev,1h,pos_0.50_1.00,1,2737,-0.0036,-0.0013,48.41,0.0082
MeanRev,1h,pos_0.50_1.00,3,2737,-0.0036,-0.0010,49.54,0.0249
MeanRev,1h,pos_0.50_1.00,5,2737,-0.0063,-0.0038,48.74,0.0413
MeanRev,1h,pos_0.50_1.00,10,2737,-0.0075,-0.0031,49.32,0.0827
MeanRev,1h,pos_gt_1.00,1,20949,0.0021,-0.0003,48.90,0.0082
MeanRev,1h,pos_gt_1.00,3,20949,0.0061,-0.0017,49.24,0.0249
MeanRev,1h,pos_gt_1.00,5,20949,0.0101,-0.0019,49.43,0.0413
MeanRev,1h,pos_gt_1.00,10,20949,0.0203,-0.0011,49.78,0.0827
MeanRev,1h,neg_0.25_0.50,1,3287,0.0007,0.0032,52.30,0.0082
MeanRev,1h,neg_0.25_0.50,3,3287,0.0023,0.0129,54.30,0.0249
MeanRev,1h,neg_0.25_0.50,5,3287,0.0058,0.0162,54.85,0.0413
MeanRev,1h,neg_0.25_0.50,10,3287,0.0087,0.0279,55.13,0.0827
MeanRev,1h,neg_0.50_1.00,1,1115,0.0096,0.0128,53.90,0.0082
MeanRev,1h,neg_0.50_1.00,3,1115,0.0396,0.0367,58.03,0.0249
MeanRev,1h,neg_0.50_1.00,5,1115,0.0491,0.0516,58.03,0.0413
MeanRev,1h,neg_0.50_1.00,10,1115,0.0477,0.0528,56.23,0.0827
MeanRev,1h,neg_lt_1.00,1,13592,0.0016,0.0000,49.95,0.0082
MeanRev,1h,neg_lt_1.00,3,13592,0.0053,0.0007,50.19,0.0249
MeanRev,1h,neg_lt_1.00,5,13592,0.0095,0.0065,51.09,0.0413
MeanRev,1h,neg_lt_1.00,10,13592,0.0205,0.0156,51.67,0.0827
VolExpand,1h,inc_10_25,1,8091,0.0004,0.0000,47.05,0.0082
VolExpand,1h,inc_10_25,3,8091,0.0013,0.0000,49.04,0.0249
VolExpand,1h,inc_10_25,5,8091,0.0026,0.0000,49.83,0.0413
VolExpand,1h,inc_10_25,10,8091,0.0068,0.0000,49.97,0.0827
VolExpand,1h,inc_25_50,1,1391,0.0034,0.0000,48.67,0.0082
VolExpand,1h,inc_25_50,3,1391,-0.0008,0.0000,49.25,0.0249
VolExpand,1h,inc_25_50,5,1391,-0.0025,0.0000,49.10,0.0413
VolExpand,1h,inc_25_50,10,1391,-0.0007,0.0000,49.75,0.0827
VolExpand,1h,inc_gt_50,1,416,-0.0068,0.0000,43.27,0.0082
VolExpand,1h,inc_gt_50,3,416,-0.0025,-0.0000,44.71,0.0249
VolExpand,1h,inc_gt_50,5,416,0.0032,-0.0020,45.67,0.0413
VolExpand,1h,inc_gt_50,10,416,0.0129,-0.0018,48.32,0.0827
