symbol,timestamp,bestBid,bestAsk,mid,spread,spreadPct
B-STX_USDT,1789561715190,0.2373,0.2374,0.23735,0.00009999999999998899,0.0004214075010534723
B-STX_USDT,1789561717635,0.2373,0.2374,0.23735,0.00009999999999998899,0.0004214075010534723
B-STX_USDT,1789561719988,0.2373,0.2374,0.23735,0.00009999999999998899,0.0004214075010534723
B-STX_USDT,1789561722329,0.2373,0.2374,0.23735,0.00009999999999998899,0.0004214075010534723
B-STX_USDT,1789561724710,0.2373,0.2374,0.23735,0.00009999999999998899,0.0004214075010534723
B-STX_USDT,1789561727073,0.2373,0.2374,0.23735,0.00009999999999998899,0.0004214075010534723
B-STX_USDT,1789561729439,0.2373,0.2374,0.23735,0.00009999999999998899,0.0004214075010534723
B-STX_USDT,1789561731817,0.2373,0.2374,0.23735,0.00009999999999998899,0.0004214075010534723
B-STX_USDT,1789561734208,0.2373,0.2374,0.23735,0.00009999999999998899,0.0004214075010534723
B-STX_USDT,1789561736619,0.2373,0.2374,0.23735,0.00009999999999998899,0.0004214075010534723
B-STX_USDT,1789561739002,0.2373,0.2374,0.23735,0.00009999999999998899,0.0004214075010534723
B-STX_USDT,1789561741391,0.2373,0.2374,0.23735,0.00009999999999998899,0.0004214075010534723
B-STX_USDT,1789561743784,0.2373,0.2374,0.23735,0.00009999999999998899,0.0004214075010534723
B-STX_USDT,1789561746611,0.2373,0.2374,0.23735,0.00009999999999998899,0.0004214075010534723
B-STX_USDT,1789561748987,0.2373,0.2374,0.23735,0.00009999999999998899,0.0004214075010534723
B-STX_USDT,1789561751372,0.2373,0.2374,0.23735,0.00009999999999998899,0.0004214075010534723
B-STX_USDT,1789561753764,0.2373,0.2374,0.23735,0.00009999999999998899,0.0004214075010534723
B-STX_USDT,1789561756128,0.2373,0.2374,0.23735,0.00009999999999998899,0.0004214075010534723
B-STX_USDT,1789561758497,0.2373,0.2374,0.23735,0.00009999999999998899,0.0004214075010534723
B-STX_USDT,1789561760829,0.2373,0.2374,0.23735,0.00009999999999998899,0.0004214075010534723
B-STX_USDT,1789561763195,0.2373,0.2374,0.23735,0.00009999999999998899,0.0004214075010534723
B-STX_USDT,1789561765525,0.2373,0.2374,0.23735,0.00009999999999998899,0.0004214075010534723
B-STX_USDT,1789561767898,0.2373,0.2374,0.23735,0.00009999999999998899,0.0004214075010534723
B-STX_USDT,1789561770264,0.2373,0.2374,0.23735,0.00009999999999998899,0.0004214075010534723
B-STX_USDT,1789561772642,0.2373,0.2374,0.23735,0.00009999999999998899,0.0004214075010534723
B-STX_USDT,1789561775020,0.2373,0.2374,0.23735,0.00009999999999998899,0.0004214075010534723
B-STX_USDT,1789561777403,0.2373,0.2374,0.23735,0.00009999999999998899,0.0004214075010534723
B-STX_USDT,1789561779796,0.2373,0.2374,0.23735,0.00009999999999998899,0.0004214075010534723
B-STX_USDT,1789561782232,0.2373,0.2374,0.23735,0.00009999999999998899,0.0004214075010534723
B-STX_USDT,1789561784623,0.2374,0.2375,0.23745,0.00009999999999998899,0.0004212299915753538
B-STX_USDT,1789561786996,0.2374,0.2375,0.23745,0.00009999999999998899,0.0004212299915753538
B-STX_USDT,1789561789338,0.2374,0.2375,0.23745,0.00009999999999998899,0.0004212299915753538
B-STX_USDT,1789561791709,0.2374,0.2375,0.23745,0.00009999999999998899,0.0004212299915753538
B-STX_USDT,1789561794071,0.2374,0.2375,0.23745,0.00009999999999998899,0.0004212299915753538
B-STX_USDT,1789561796441,0.2374,0.2375,0.23745,0.00009999999999998899,0.0004212299915753538
B-STX_USDT,1789561798825,0.2374,0.2375,0.23745,0.00009999999999998899,0.0004212299915753538
B-STX_USDT,1789561801196,0.2374,0.2375,0.23745,0.00009999999999998899,0.0004212299915753538
B-STX_USDT,1789561803551,0.2374,0.2375,0.23745,0.00009999999999998899,0.0004212299915753538
B-STX_USDT,1789561805911,0.2374,0.2375,0.23745,0.00009999999999998899,0.0004212299915753538
B-STX_USDT,1789561808317,0.2374,0.2375,0.23745,0.00009999999999998899,0.0004212299915753538
B-STX_USDT,1789561810711,0.2376,0.2377,0.23765,0.00009999999999998899,0.0004208754208753745
B-STX_USDT,1789561813073,0.2376,0.2377,0.23765,0.00009999999999998899,0.0004208754208753745
B-STX_USDT,1789561815453,0.2376,0.2377,0.23765,0.00009999999999998899,0.0004208754208753745
B-STX_USDT,1789561817794,0.2376,0.2377,0.23765,0.00009999999999998899,0.0004208754208753745
B-STX_USDT,1789561820173,0.2376,0.2377,0.23765,0.00009999999999998899,0.0004208754208753745
B-STX_USDT,1789561822554,0.2376,0.2377,0.23765,0.00009999999999998899,0.0004208754208753745
B-STX_USDT,1789561824892,0.2376,0.2377,0.23765,0.00009999999999998899,0.0004208754208753745
B-STX_USDT,1789561827267,0.2376,0.2377,0.23765,0.00009999999999998899,0.0004208754208753745
B-STX_USDT,1789561829622,0.2376,0.2377,0.23765,0.00009999999999998899,0.0004208754208753745
B-STX_USDT,1789561832000,0.2377,0.2378,0.23775000000000002,0.00010000000000001674,0.00042069835927646926
B-STX_USDT,1789561834326,0.2377,0.2378,0.23775000000000002,0.00010000000000001674,0.00042069835927646926
B-STX_USDT,1789561836664,0.2375,0.2376,0.23754999999999998,0.00010000000000001674,0.00042105263157901786
B-STX_USDT,1789561839031,0.2375,0.2376,0.23754999999999998,0.00010000000000001674,0.00042105263157901786
B-STX_USDT,1789561841414,0.2375,0.2376,0.23754999999999998,0.00010000000000001674,0.00042105263157901786
B-STX_USDT,1789561843802,0.2375,0.2376,0.23754999999999998,0.00010000000000001674,0.00042105263157901786
B-STX_USDT,1789561846165,0.2375,0.2376,0.23754999999999998,0.00010000000000001674,0.00042105263157901786
B-STX_USDT,1789561848505,0.2375,0.2376,0.23754999999999998,0.00010000000000001674,0.00042105263157901786
B-STX_USDT,1789561850840,0.2375,0.2376,0.23754999999999998,0.00010000000000001674,0.00042105263157901786
B-STX_USDT,1789561853198,0.2375,0.2376,0.23754999999999998,0.00010000000000001674,0.00042105263157901786
B-STX_USDT,1789561855535,0.2375,0.2376,0.23754999999999998,0.00010000000000001674,0.00042105263157901786
B-STX_USDT,1789561857887,0.2375,0.2376,0.23754999999999998,0.00010000000000001674,0.00042105263157901786
B-STX_USDT,1789561860222,0.2375,0.2376,0.23754999999999998,0.00010000000000001674,0.00042105263157901786
B-STX_USDT,1789561862615,0.2376,0.2377,0.23765,0.00009999999999998899,0.0004208754208753745
B-STX_USDT,1789561864966,0.2376,0.2377,0.23765,0.00009999999999998899,0.0004208754208753745
B-STX_USDT,1789561867556,0.2376,0.2377,0.23765,0.00009999999999998899,0.0004208754208753745
B-STX_USDT,1789561869923,0.2376,0.2377,0.23765,0.00009999999999998899,0.0004208754208753745
B-STX_USDT,1789561872298,0.2376,0.2377,0.23765,0.00009999999999998899,0.0004208754208753745
B-STX_USDT,1789561874646,0.2376,0.2377,0.23765,0.00009999999999998899,0.0004208754208753745
B-STX_USDT,1789561877008,0.2376,0.2377,0.23765,0.00009999999999998899,0.0004208754208753745
B-STX_USDT,1789561879397,0.2376,0.2377,0.23765,0.00009999999999998899,0.0004208754208753745
B-STX_USDT,1789561881738,0.2374,0.2375,0.23745,0.00009999999999998899,0.0004212299915753538
B-STX_USDT,1789561884085,0.2372,0.2373,0.23725000000000002,0.00010000000000001674,0.0004215851602024315
B-STX_USDT,1789561886424,0.2372,0.2373,0.23725000000000002,0.00010000000000001674,0.0004215851602024315
B-STX_USDT,1789561888782,0.2373,0.2374,0.23735,0.00009999999999998899,0.0004214075010534723
B-STX_USDT,1789561891150,0.2373,0.2374,0.23735,0.00009999999999998899,0.0004214075010534723
B-STX_USDT,1789561893506,0.2373,0.2374,0.23735,0.00009999999999998899,0.0004214075010534723
B-STX_USDT,1789561895883,0.2373,0.2374,0.23735,0.00009999999999998899,0.0004214075010534723
B-STX_USDT,1789561898261,0.2373,0.2374,0.23735,0.00009999999999998899,0.0004214075010534723
B-STX_USDT,1789561900633,0.2373,0.2374,0.23735,0.00009999999999998899,0.0004214075010534723
B-STX_USDT,1789561903012,0.2374,0.2375,0.23745,0.00009999999999998899,0.0004212299915753538
B-STX_USDT,1789561905387,0.2374,0.2375,0.23745,0.00009999999999998899,0.0004212299915753538
B-STX_USDT,1789561907730,0.2374,0.2375,0.23745,0.00009999999999998899,0.0004212299915753538
B-STX_USDT,1789561910127,0.2374,0.2375,0.23745,0.00009999999999998899,0.0004212299915753538
B-STX_USDT,1789561912530,0.2374,0.2375,0.23745,0.00009999999999998899,0.0004212299915753538
B-STX_USDT,1789561914955,0.2374,0.2375,0.23745,0.00009999999999998899,0.0004212299915753538
B-STX_USDT,1789561917320,0.2374,0.2375,0.23745,0.00009999999999998899,0.0004212299915753538
B-STX_USDT,1789561919721,0.2374,0.2375,0.23745,0.00009999999999998899,0.0004212299915753538
B-STX_USDT,1789561922114,0.2373,0.2374,0.23735,0.00009999999999998899,0.0004214075010534723
B-STX_USDT,1789561924503,0.2372,0.2373,0.23725000000000002,0.00010000000000001674,0.0004215851602024315
B-STX_USDT,1789561926881,0.2372,0.2373,0.23725000000000002,0.00010000000000001674,0.0004215851602024315
B-STX_USDT,1789561929273,0.2372,0.2373,0.23725000000000002,0.00010000000000001674,0.0004215851602024315
B-STX_USDT,1789561931606,0.2373,0.2374,0.23735,0.00009999999999998899,0.0004214075010534723
B-STX_USDT,1789561933917,0.2373,0.2374,0.23735,0.00009999999999998899,0.0004214075010534723
B-STX_USDT,1789561936243,0.2373,0.2374,0.23735,0.00009999999999998899,0.0004214075010534723
B-STX_USDT,1789561938627,0.2373,0.2374,0.23735,0.00009999999999998899,0.0004214075010534723
B-STX_USDT,1789561940988,0.2373,0.2374,0.23735,0.00009999999999998899,0.0004214075010534723
B-STX_USDT,1789561943356,0.2373,0.2374,0.23735,0.00009999999999998899,0.0004214075010534723
B-STX_USDT,1789561945768,0.2373,0.2374,0.23735,0.00009999999999998899,0.0004214075010534723
B-TIA_USDT,1789561715343,0.3278,0.3279,0.32785,0.0001000000000000445,0.000305064063453461
B-TIA_USDT,1789561717720,0.3278,0.3279,0.32785,0.0001000000000000445,0.000305064063453461
B-TIA_USDT,1789561720069,0.3278,0.3279,0.32785,0.0001000000000000445,0.000305064063453461
B-TIA_USDT,1789561722419,0.3279,0.328,0.32795,0.00009999999999998899,0.0003049710277523299
B-TIA_USDT,1789561724806,0.3279,0.328,0.32795,0.00009999999999998899,0.0003049710277523299
B-TIA_USDT,1789561727169,0.3279,0.328,0.32795,0.00009999999999998899,0.0003049710277523299
B-TIA_USDT,1789561729533,0.3279,0.328,0.32795,0.00009999999999998899,0.0003049710277523299
B-TIA_USDT,1789561731901,0.3279,0.328,0.32795,0.00009999999999998899,0.0003049710277523299
B-TIA_USDT,1789561734303,0.3279,0.328,0.32795,0.00009999999999998899,0.0003049710277523299
B-TIA_USDT,1789561736738,0.3279,0.328,0.32795,0.00009999999999998899,0.0003049710277523299
B-TIA_USDT,1789561739092,0.3279,0.328,0.32795,0.00009999999999998899,0.0003049710277523299
B-TIA_USDT,1789561741480,0.3279,0.328,0.32795,0.00009999999999998899,0.0003049710277523299
B-TIA_USDT,1789561743866,0.3278,0.3279,0.32785,0.0001000000000000445,0.000305064063453461
B-TIA_USDT,1789561746700,0.3278,0.3279,0.32785,0.0001000000000000445,0.000305064063453461
B-TIA_USDT,1789561749081,0.3278,0.3279,0.32785,0.0001000000000000445,0.000305064063453461
B-TIA_USDT,1789561751463,0.3277,0.3278,0.32775,0.00009999999999998899,0.00030515715593527307
B-TIA_USDT,1789561753867,0.3278,0.3279,0.32785,0.0001000000000000445,0.000305064063453461
B-TIA_USDT,1789561756219,0.3278,0.3279,0.32785,0.0001000000000000445,0.000305064063453461
B-TIA_USDT,1789561758577,0.3278,0.3279,0.32785,0.0001000000000000445,0.000305064063453461
B-TIA_USDT,1789561760914,0.3278,0.3279,0.32785,0.0001000000000000445,0.000305064063453461
B-TIA_USDT,1789561763279,0.3278,0.3279,0.32785,0.0001000000000000445,0.000305064063453461
B-TIA_USDT,1789561765607,0.3278,0.3279,0.32785,0.0001000000000000445,0.000305064063453461
B-TIA_USDT,1789561767989,0.3278,0.3279,0.32785,0.0001000000000000445,0.000305064063453461
B-TIA_USDT,1789561770344,0.3278,0.3279,0.32785,0.0001000000000000445,0.000305064063453461
B-TIA_USDT,1789561772732,0.3277,0.3278,0.32775,0.00009999999999998899,0.00030515715593527307
B-TIA_USDT,1789561775119,0.3277,0.3278,0.32775,0.00009999999999998899,0.00030515715593527307
B-TIA_USDT,1789561777502,0.3278,0.3279,0.32785,0.0001000000000000445,0.000305064063453461
B-TIA_USDT,1789561779884,0.3276,0.3277,0.32765,0.00009999999999998899,0.00030525030525027164
B-TIA_USDT,1789561782321,0.3277,0.3278,0.32775,0.00009999999999998899,0.00030515715593527307
B-TIA_USDT,1789561784710,0.3277,0.3278,0.32775,0.00009999999999998899,0.00030515715593527307
B-TIA_USDT,1789561787081,0.3277,0.3278,0.32775,0.00009999999999998899,0.00030515715593527307
B-TIA_USDT,1789561789427,0.3277,0.3278,0.32775,0.00009999999999998899,0.00030515715593527307
B-TIA_USDT,1789561791798,0.3277,0.3278,0.32775,0.00009999999999998899,0.00030515715593527307
B-TIA_USDT,1789561794156,0.3277,0.3278,0.32775,0.00009999999999998899,0.00030515715593527307
B-TIA_USDT,1789561796538,0.3277,0.3278,0.32775,0.00009999999999998899,0.00030515715593527307
B-TIA_USDT,1789561798911,0.3278,0.3279,0.32785,0.0001000000000000445,0.000305064063453461
B-TIA_USDT,1789561801288,0.3278,0.3279,0.32785,0.0001000000000000445,0.000305064063453461
B-TIA_USDT,1789561803639,0.3278,0.3279,0.32785,0.0001000000000000445,0.000305064063453461
B-TIA_USDT,1789561806000,0.3279,0.328,0.32795,0.00009999999999998899,0.0003049710277523299
B-TIA_USDT,1789561808412,0.3278,0.3279,0.32785,0.0001000000000000445,0.000305064063453461
B-TIA_USDT,1789561810793,0.3278,0.3279,0.32785,0.0001000000000000445,0.000305064063453461
B-TIA_USDT,1789561813153,0.3278,0.3279,0.32785,0.0001000000000000445,0.000305064063453461
B-TIA_USDT,1789561815540,0.3278,0.3279,0.32785,0.0001000000000000445,0.000305064063453461
B-TIA_USDT,1789561817879,0.3278,0.3279,0.32785,0.0001000000000000445,0.000305064063453461
B-TIA_USDT,1789561820274,0.3278,0.3279,0.32785,0.0001000000000000445,0.000305064063453461
B-TIA_USDT,1789561822634,0.3278,0.3279,0.32785,0.0001000000000000445,0.000305064063453461
B-TIA_USDT,1789561824980,0.3278,0.3279,0.32785,0.0001000000000000445,0.000305064063453461
B-TIA_USDT,1789561827351,0.3278,0.3279,0.32785,0.0001000000000000445,0.000305064063453461
B-TIA_USDT,1789561829711,0.3278,0.3279,0.32785,0.0001000000000000445,0.000305064063453461
B-TIA_USDT,1789561832080,0.3278,0.3279,0.32785,0.0001000000000000445,0.000305064063453461
B-TIA_USDT,1789561834405,0.3278,0.3279,0.32785,0.0001000000000000445,0.000305064063453461
B-TIA_USDT,1789561836753,0.3275,0.3276,0.32755,0.00009999999999998899,0.000305343511450348
B-TIA_USDT,1789561839126,0.3275,0.3276,0.32755,0.00009999999999998899,0.000305343511450348
B-TIA_USDT,1789561841495,0.3275,0.3276,0.32755,0.00009999999999998899,0.000305343511450348
B-TIA_USDT,1789561843892,0.3275,0.3276,0.32755,0.00009999999999998899,0.000305343511450348
B-TIA_USDT,1789561846253,0.3276,0.3277,0.32765,0.00009999999999998899,0.00030525030525027164
B-TIA_USDT,1789561848582,0.3276,0.3277,0.32765,0.00009999999999998899,0.00030525030525027164
B-TIA_USDT,1789561850927,0.3277,0.3278,0.32775,0.00009999999999998899,0.00030515715593527307
B-TIA_USDT,1789561853281,0.3277,0.3278,0.32775,0.00009999999999998899,0.00030515715593527307
B-TIA_USDT,1789561855619,0.3277,0.3278,0.32775,0.00009999999999998899,0.00030515715593527307
B-TIA_USDT,1789561857972,0.3276,0.3277,0.32765,0.00009999999999998899,0.00030525030525027164
B-TIA_USDT,1789561860315,0.3276,0.3277,0.32765,0.00009999999999998899,0.00030525030525027164
B-TIA_USDT,1789561862698,0.3276,0.3277,0.32765,0.00009999999999998899,0.00030525030525027164
B-TIA_USDT,1789561865054,0.3276,0.3277,0.32765,0.00009999999999998899,0.00030525030525027164
B-TIA_USDT,1789561867635,0.3275,0.3276,0.32755,0.00009999999999998899,0.000305343511450348
B-TIA_USDT,1789561870003,0.3275,0.3276,0.32755,0.00009999999999998899,0.000305343511450348
B-TIA_USDT,1789561872394,0.3275,0.3276,0.32755,0.00009999999999998899,0.000305343511450348
B-TIA_USDT,1789561874732,0.3275,0.3276,0.32755,0.00009999999999998899,0.000305343511450348
B-TIA_USDT,1789561877088,0.3275,0.3276,0.32755,0.00009999999999998899,0.000305343511450348
B-TIA_USDT,1789561879479,0.3273,0.3274,0.32735000000000003,0.0001000000000000445,0.0003055300947144653
B-TIA_USDT,1789561881822,0.3272,0.3273,0.32725,0.00009999999999998899,0.0003056234718826069
B-TIA_USDT,1789561884171,0.3273,0.3274,0.32735000000000003,0.0001000000000000445,0.0003055300947144653
B-TIA_USDT,1789561886514,0.3273,0.3274,0.32735000000000003,0.0001000000000000445,0.0003055300947144653
B-TIA_USDT,1789561888864,0.3273,0.3274,0.32735000000000003,0.0001000000000000445,0.0003055300947144653
B-TIA_USDT,1789561891238,0.3272,0.3273,0.32725,0.00009999999999998899,0.0003056234718826069
B-TIA_USDT,1789561893589,0.3272,0.3273,0.32725,0.00009999999999998899,0.0003056234718826069
B-TIA_USDT,1789561895973,0.3272,0.3273,0.32725,0.00009999999999998899,0.0003056234718826069
B-TIA_USDT,1789561898355,0.3272,0.3273,0.32725,0.00009999999999998899,0.0003056234718826069
B-TIA_USDT,1789561900737,0.3272,0.3273,0.32725,0.00009999999999998899,0.0003056234718826069
B-TIA_USDT,1789561903108,0.3272,0.3273,0.32725,0.00009999999999998899,0.0003056234718826069
B-TIA_USDT,1789561905469,0.3273,0.3274,0.32735000000000003,0.0001000000000000445,0.0003055300947144653
B-TIA_USDT,1789561907832,0.3273,0.3274,0.32735000000000003,0.0001000000000000445,0.0003055300947144653
B-TIA_USDT,1789561910240,0.3273,0.3274,0.32735000000000003,0.0001000000000000445,0.0003055300947144653
B-TIA_USDT,1789561912621,0.3273,0.3274,0.32735000000000003,0.0001000000000000445,0.0003055300947144653
B-TIA_USDT,1789561915044,0.3272,0.3273,0.32725,0.00009999999999998899,0.0003056234718826069
B-TIA_USDT,1789561917416,0.3272,0.3273,0.32725,0.00009999999999998899,0.0003056234718826069
B-TIA_USDT,1789561919826,0.3272,0.3273,0.32725,0.00009999999999998899,0.0003056234718826069
B-TIA_USDT,1789561922199,0.3271,0.3272,0.32715,0.00009999999999998899,0.00030571690614487613
B-TIA_USDT,1789561924602,0.3266,0.3267,0.32665,0.00009999999999998899,0.0003061849357011298
B-TIA_USDT,1789561926963,0.3266,0.3267,0.32665,0.00009999999999998899,0.0003061849357011298
B-TIA_USDT,1789561929351,0.3266,0.3267,0.32665,0.00009999999999998899,0.0003061849357011298
B-TIA_USDT,1789561931681,0.3266,0.3267,0.32665,0.00009999999999998899,0.0003061849357011298
B-TIA_USDT,1789561933994,0.3266,0.3267,0.32665,0.00009999999999998899,0.0003061849357011298
B-TIA_USDT,1789561936326,0.3266,0.3267,0.32665,0.00009999999999998899,0.0003061849357011298
B-TIA_USDT,1789561938710,0.3265,0.3266,0.32655,0.00009999999999998899,0.00030627871362936903
B-TIA_USDT,1789561941076,0.3265,0.3266,0.32655,0.00009999999999998899,0.00030627871362936903
B-TIA_USDT,1789561943498,0.3265,0.3266,0.32655,0.00009999999999998899,0.00030627871362936903
B-TIA_USDT,1789561945873,0.3263,0.3264,0.32635000000000003,0.0001000000000000445,0.00030646644192474563
B-SPX_USDT,1789561715449,0.4698,0.4699,0.46985,0.00009999999999998899,0.00021285653469559171
B-SPX_USDT,1789561717813,0.4698,0.4699,0.46985,0.00009999999999998899,0.00021285653469559171
B-SPX_USDT,1789561720160,0.4698,0.4699,0.46985,0.00009999999999998899,0.00021285653469559171
B-SPX_USDT,1789561722504,0.4698,0.4699,0.46985,0.00009999999999998899,0.00021285653469559171
B-SPX_USDT,1789561724889,0.4698,0.4699,0.46985,0.00009999999999998899,0.00021285653469559171
B-SPX_USDT,1789561727252,0.4698,0.4699,0.46985,0.00009999999999998899,0.00021285653469559171
B-SPX_USDT,1789561729617,0.4698,0.4699,0.46985,0.00009999999999998899,0.00021285653469559171
B-SPX_USDT,1789561731992,0.4698,0.4699,0.46985,0.00009999999999998899,0.00021285653469559171
B-SPX_USDT,1789561734406,0.4698,0.4699,0.46985,0.00009999999999998899,0.00021285653469559171
B-SPX_USDT,1789561736820,0.4698,0.4699,0.46985,0.00009999999999998899,0.00021285653469559171
B-SPX_USDT,1789561739182,0.4698,0.4699,0.46985,0.00009999999999998899,0.00021285653469559171
B-SPX_USDT,1789561741575,0.4698,0.4699,0.46985,0.00009999999999998899,0.00021285653469559171
B-SPX_USDT,1789561744438,0.4698,0.4699,0.46985,0.00009999999999998899,0.00021285653469559171
B-SPX_USDT,1789561746802,0.4698,0.4699,0.46985,0.00009999999999998899,0.00021285653469559171
B-SPX_USDT,1789561749162,0.4697,0.4698,0.46975,0.00009999999999998899,0.0002129018522460911
B-SPX_USDT,1789561751548,0.4696,0.4697,0.46965,0.00009999999999998899,0.00021294718909708045
B-SPX_USDT,1789561753957,0.4693,0.4695,0.4694,0.00019999999999997797,0.0004261666311527338
B-SPX_USDT,1789561756309,0.4692,0.4693,0.46925,0.00009999999999998899,0.0002131287297527472
B-SPX_USDT,1789561758650,0.4698,0.47,0.4699,0.00019999999999997797,0.00042571306939118343
B-SPX_USDT,1789561761005,0.4699,0.47,0.46995,0.00009999999999998899,0.00021281123643326024
B-SPX_USDT,1789561763360,0.4699,0.47,0.46995,0.00009999999999998899,0.00021281123643326024
B-SPX_USDT,1789561765701,0.4698,0.4699,0.46985,0.00009999999999998899,0.00021285653469559171
B-SPX_USDT,1789561768068,0.4698,0.4699,0.46985,0.00009999999999998899,0.00021285653469559171
B-SPX_USDT,1789561770448,0.4698,0.4699,0.46985,0.00009999999999998899,0.00021285653469559171
B-SPX_USDT,1789561772826,0.4698,0.4699,0.46985,0.00009999999999998899,0.00021285653469559171
B-SPX_USDT,1789561775214,0.4702,0.4703,0.47025,0.00009999999999998899,0.00021267545725220965
B-SPX_USDT,1789561777593,0.4702,0.4703,0.47025,0.00009999999999998899,0.00021267545725220965
B-SPX_USDT,1789561779983,0.4702,0.4704,0.4703,0.00019999999999997797,0.0004253509145044193
B-SPX_USDT,1789561782433,0.4702,0.4703,0.47025,0.00009999999999998899,0.00021267545725220965
B-SPX_USDT,1789561784817,0.4702,0.4703,0.47025,0.00009999999999998899,0.00021267545725220965
B-SPX_USDT,1789561787168,0.4702,0.4703,0.47025,0.00009999999999998899,0.00021267545725220965
B-SPX_USDT,1789561789528,0.4702,0.4703,0.47025,0.00009999999999998899,0.00021267545725220965
B-SPX_USDT,1789561791883,0.4702,0.4703,0.47025,0.00009999999999998899,0.00021267545725220965
B-SPX_USDT,1789561794250,0.4703,0.4706,0.47045000000000003,0.00030000000000002247,0.0006378907080587337
B-SPX_USDT,1789561796631,0.4703,0.4706,0.47045000000000003,0.00030000000000002247,0.0006378907080587337
B-SPX_USDT,1789561799002,0.4704,0.4706,0.47050000000000003,0.00020000000000003348,0.0004251700680272821
B-SPX_USDT,1789561801369,0.4702,0.4704,0.4703,0.00019999999999997797,0.0004253509145044193
B-SPX_USDT,1789561803724,0.4705,0.4706,0.47055,0.0001000000000000445,0.00021253985122219874
B-SPX_USDT,1789561806098,0.4705,0.4706,0.47055,0.0001000000000000445,0.00021253985122219874
B-SPX_USDT,1789561808507,0.4705,0.4706,0.47055,0.0001000000000000445,0.00021253985122219874
B-SPX_USDT,1789561810883,0.4705,0.4706,0.47055,0.0001000000000000445,0.00021253985122219874
B-SPX_USDT,1789561813261,0.4704,0.4705,0.47045,0.00009999999999998899,0.00021258503401358204
B-SPX_USDT,1789561815620,0.4703,0.4705,0.4704,0.00019999999999997797,0.00042526047203907716
B-SPX_USDT,1789561817971,0.4703,0.4704,0.47035,0.00009999999999998899,0.00021263023601953858
B-SPX_USDT,1789561820369,0.4702,0.4703,0.47025,0.00009999999999998899,0.00021267545725220965
B-SPX_USDT,1789561822726,0.4702,0.4703,0.47025,0.00009999999999998899,0.00021267545725220965
B-SPX_USDT,1789561825059,0.4702,0.4703,0.47025,0.00009999999999998899,0.00021267545725220965
B-SPX_USDT,1789561827440,0.47,0.4702,0.47009999999999996,0.00020000000000003348,0.0004255319148936883
B-SPX_USDT,1789561829798,0.47,0.4701,0.47004999999999997,0.0001000000000000445,0.0002127659574469032
B-SPX_USDT,1789561832155,0.4702,0.4703,0.47025,0.00009999999999998899,0.00021267545725220965
B-SPX_USDT,1789561834489,0.4699,0.4702,0.47004999999999997,0.00030000000000002247,0.0006384337092998989
B-SPX_USDT,1789561836850,0.4697,0.4698,0.46975,0.00009999999999998899,0.0002129018522460911
B-SPX_USDT,1789561839213,0.4697,0.47,0.46985,0.00029999999999996696,0.0006387055567382733
B-SPX_USDT,1789561841586,0.4698,0.4699,0.46985,0.00009999999999998899,0.00021285653469559171
B-SPX_USDT,1789561843976,0.4698,0.4699,0.46985,0.00009999999999998899,0.00021285653469559171
B-SPX_USDT,1789561846335,0.4698,0.4699,0.46985,0.00009999999999998899,0.00021285653469559171
B-SPX_USDT,1789561848670,0.4698,0.4699,0.46985,0.00009999999999998899,0.00021285653469559171
B-SPX_USDT,1789561851012,0.47,0.4702,0.47009999999999996,0.00020000000000003348,0.0004255319148936883
B-SPX_USDT,1789561853371,0.47,0.4701,0.47004999999999997,0.0001000000000000445,0.0002127659574469032
B-SPX_USDT,1789561855700,0.47,0.4701,0.47004999999999997,0.0001000000000000445,0.0002127659574469032
B-SPX_USDT,1789561858052,0.47,0.4701,0.47004999999999997,0.0001000000000000445,0.0002127659574469032
B-SPX_USDT,1789561860405,0.4699,0.4701,0.47,0.00020000000000003348,0.00042562247286663865
B-SPX_USDT,1789561862779,0.4702,0.4706,0.47040000000000004,0.00040000000000001146,0.0008507018290089567
B-SPX_USDT,1789561865135,0.4702,0.4705,0.47035,0.00029999999999996696,0.000638026371756629
B-SPX_USDT,1789561867726,0.4704,0.4706,0.47050000000000003,0.00020000000000003348,0.0004251700680272821
B-SPX_USDT,1789561870088,0.4704,0.4705,0.47045,0.00009999999999998899,0.00021258503401358204
B-SPX_USDT,1789561872471,0.4708,0.471,0.4709,0.00019999999999997797,0.0004248088360237425
B-SPX_USDT,1789561874813,0.4708,0.4709,0.47085,0.00009999999999998899,0.00021240441801187126
B-SPX_USDT,1789561877179,0.4708,0.4709,0.47085,0.00009999999999998899,0.00021240441801187126
B-SPX_USDT,1789561879559,0.4706,0.4709,0.47075,0.00029999999999996696,0.0006374840628983573
B-SPX_USDT,1789561881908,0.4704,0.4706,0.47050000000000003,0.00020000000000003348,0.0004251700680272821
B-SPX_USDT,1789561884249,0.4705,0.4708,0.47065,0.00030000000000002247,0.0006376195536663602
B-SPX_USDT,1789561886603,0.4705,0.4706,0.47055,0.0001000000000000445,0.00021253985122219874
B-SPX_USDT,1789561888959,0.4705,0.4706,0.47055,0.0001000000000000445,0.00021253985122219874
B-SPX_USDT,1789561891326,0.4705,0.4706,0.47055,0.0001000000000000445,0.00021253985122219874
B-SPX_USDT,1789561893695,0.4705,0.4706,0.47055,0.0001000000000000445,0.00021253985122219874
B-SPX_USDT,1789561896070,0.4705,0.4706,0.47055,0.0001000000000000445,0.00021253985122219874
B-SPX_USDT,1789561898438,0.4704,0.4706,0.47050000000000003,0.00020000000000003348,0.0004251700680272821
B-SPX_USDT,1789561900828,0.4704,0.4705,0.47045,0.00009999999999998899,0.00021258503401358204
B-SPX_USDT,1789561903202,0.4704,0.4705,0.47045,0.00009999999999998899,0.00021258503401358204
B-SPX_USDT,1789561905545,0.4707,0.4711,0.4709,0.00040000000000001146,0.0008497981729339526
B-SPX_USDT,1789561907926,0.4707,0.4709,0.4708,0.00019999999999997797,0.0004248990864669173
B-SPX_USDT,1789561910328,0.4708,0.4709,0.47085,0.00009999999999998899,0.00021240441801187126
B-SPX_USDT,1789561912751,0.4708,0.4709,0.47085,0.00009999999999998899,0.00021240441801187126
B-SPX_USDT,1789561915137,0.4706,0.4708,0.4707,0.00019999999999997797,0.0004249893752655715
B-SPX_USDT,1789561917501,0.4705,0.4707,0.4706,0.00020000000000003348,0.0004250797024442795
B-SPX_USDT,1789561919925,0.4705,0.4706,0.47055,0.0001000000000000445,0.00021253985122219874
B-SPX_USDT,1789561922288,0.47,0.4702,0.47009999999999996,0.00020000000000003348,0.0004255319148936883
B-SPX_USDT,1789561924702,0.4696,0.4699,0.46975,0.00029999999999996696,0.0006388415672912413
B-SPX_USDT,1789561927086,0.4696,0.4697,0.46965,0.00009999999999998899,0.00021294718909708045
B-SPX_USDT,1789561929426,0.4696,0.4697,0.46965,0.00009999999999998899,0.00021294718909708045
B-SPX_USDT,1789561931752,0.4696,0.4697,0.46965,0.00009999999999998899,0.00021294718909708045
B-SPX_USDT,1789561934075,0.4696,0.4697,0.46965,0.00009999999999998899,0.00021294718909708045
B-SPX_USDT,1789561936434,0.4697,0.47,0.46985,0.00029999999999996696,0.0006387055567382733
B-SPX_USDT,1789561938791,0.4698,0.4701,0.46995,0.00030000000000002247,0.0006385696040868933
B-SPX_USDT,1789561941163,0.4699,0.47,0.46995,0.00009999999999998899,0.00021281123643326024
B-SPX_USDT,1789561943597,0.4699,0.47,0.46995,0.00009999999999998899,0.00021281123643326024
B-SPX_USDT,1789561945953,0.4698,0.4699,0.46985,0.00009999999999998899,0.00021285653469559171
B-ID_USDT,1789561715537,0.0319,0.03191,0.031905,0.000010000000000003062,0.00031347962382454744
B-ID_USDT,1789561717902,0.0319,0.03191,0.031905,0.000010000000000003062,0.00031347962382454744
B-ID_USDT,1789561720240,0.0319,0.03191,0.031905,0.000010000000000003062,0.00031347962382454744
B-ID_USDT,1789561722592,0.0319,0.03191,0.031905,0.000010000000000003062,0.00031347962382454744
B-ID_USDT,1789561724968,0.0319,0.03191,0.031905,0.000010000000000003062,0.00031347962382454744
B-ID_USDT,1789561727338,0.0319,0.03191,0.031905,0.000010000000000003062,0.00031347962382454744
B-ID_USDT,1789561729720,0.0319,0.03191,0.031905,0.000010000000000003062,0.00031347962382454744
B-ID_USDT,1789561732092,0.0319,0.03191,0.031905,0.000010000000000003062,0.00031347962382454744
B-ID_USDT,1789561734501,0.0319,0.03191,0.031905,0.000010000000000003062,0.00031347962382454744
B-ID_USDT,1789561736897,0.0319,0.03191,0.031905,0.000010000000000003062,0.00031347962382454744
B-ID_USDT,1789561739288,0.03191,0.03192,0.031915,0.000009999999999996123,0.00031338138514560085
B-ID_USDT,1789561741675,0.03191,0.03192,0.031915,0.000009999999999996123,0.00031338138514560085
B-ID_USDT,1789561744519,0.0319,0.03192,0.031909999999999994,0.000019999999999999185,0.0006269592476488773
B-ID_USDT,1789561746889,0.0319,0.03192,0.031909999999999994,0.000019999999999999185,0.0006269592476488773
B-ID_USDT,1789561749240,0.0319,0.03192,0.031909999999999994,0.000019999999999999185,0.0006269592476488773
B-ID_USDT,1789561751641,0.0319,0.03192,0.031909999999999994,0.000019999999999999185,0.0006269592476488773
B-ID_USDT,1789561754041,0.0319,0.03192,0.031909999999999994,0.000019999999999999185,0.0006269592476488773
B-ID_USDT,1789561756394,0.0319,0.03192,0.031909999999999994,0.000019999999999999185,0.0006269592476488773
B-ID_USDT,1789561758732,0.0319,0.03192,0.031909999999999994,0.000019999999999999185,0.0006269592476488773
B-ID_USDT,1789561761100,0.0319,0.03192,0.031909999999999994,0.000019999999999999185,0.0006269592476488773
B-ID_USDT,1789561763438,0.0319,0.03192,0.031909999999999994,0.000019999999999999185,0.0006269592476488773
B-ID_USDT,1789561765789,0.0319,0.03192,0.031909999999999994,0.000019999999999999185,0.0006269592476488773
B-ID_USDT,1789561768161,0.03191,0.03192,0.031915,0.000009999999999996123,0.00031338138514560085
B-ID_USDT,1789561770548,0.03191,0.03192,0.031915,0.000009999999999996123,0.00031338138514560085
B-ID_USDT,1789561772918,0.03191,0.03193,0.031920000000000004,0.000019999999999999185,0.0006267627702914191
B-ID_USDT,1789561775300,0.03191,0.03193,0.031920000000000004,0.000019999999999999185,0.0006267627702914191
B-ID_USDT,1789561777694,0.03191,0.03193,0.031920000000000004,0.000019999999999999185,0.0006267627702914191
B-ID_USDT,1789561780092,0.03192,0.03193,0.031924999999999995,0.000010000000000003062,0.00031328320802014606
B-ID_USDT,1789561782523,0.03192,0.03193,0.031924999999999995,0.000010000000000003062,0.00031328320802014606
B-ID_USDT,1789561784908,0.03192,0.03193,0.031924999999999995,0.000010000000000003062,0.00031328320802014606
B-ID_USDT,1789561787250,0.03192,0.03193,0.031924999999999995,0.000010000000000003062,0.00031328320802014606
B-ID_USDT,1789561789613,0.03192,0.03193,0.031924999999999995,0.000010000000000003062,0.00031328320802014606
B-ID_USDT,1789561791981,0.03192,0.03193,0.031924999999999995,0.000010000000000003062,0.00031328320802014606
B-ID_USDT,1789561794339,0.03192,0.03193,0.031924999999999995,0.000010000000000003062,0.00031328320802014606
B-ID_USDT,1789561796719,0.03192,0.03193,0.031924999999999995,0.000010000000000003062,0.00031328320802014606
B-ID_USDT,1789561799097,0.03192,0.03193,0.031924999999999995,0.000010000000000003062,0.00031328320802014606
B-ID_USDT,1789561801465,0.03191,0.03193,0.031920000000000004,0.000019999999999999185,0.0006267627702914191
B-ID_USDT,1789561803809,0.03192,0.03193,0.031924999999999995,0.000010000000000003062,0.00031328320802014606
B-ID_USDT,1789561806183,0.03192,0.03193,0.031924999999999995,0.000010000000000003062,0.00031328320802014606
B-ID_USDT,1789561808592,0.03192,0.03193,0.031924999999999995,0.000010000000000003062,0.00031328320802014606
B-ID_USDT,1789561810976,0.03192,0.03193,0.031924999999999995,0.000010000000000003062,0.00031328320802014606
B-ID_USDT,1789561813356,0.03192,0.03193,0.031924999999999995,0.000010000000000003062,0.00031328320802014606
B-ID_USDT,1789561815701,0.03192,0.03193,0.031924999999999995,0.000010000000000003062,0.00031328320802014606
B-ID_USDT,1789561818070,0.03192,0.03193,0.031924999999999995,0.000010000000000003062,0.00031328320802014606
B-ID_USDT,1789561820457,0.03192,0.03193,0.031924999999999995,0.000010000000000003062,0.00031328320802014606
B-ID_USDT,1789561822808,0.03192,0.03193,0.031924999999999995,0.000010000000000003062,0.00031328320802014606
B-ID_USDT,1789561825165,0.03192,0.03193,0.031924999999999995,0.000010000000000003062,0.00031328320802014606
B-ID_USDT,1789561827526,0.03191,0.03192,0.031915,0.000009999999999996123,0.00031338138514560085
B-ID_USDT,1789561829884,0.03191,0.03192,0.031915,0.000009999999999996123,0.00031338138514560085
B-ID_USDT,1789561832232,0.03191,0.03192,0.031915,0.000009999999999996123,0.00031338138514560085
B-ID_USDT,1789561834571,0.03191,0.03192,0.031915,0.000009999999999996123,0.00031338138514560085
B-ID_USDT,1789561836933,0.0319,0.03191,0.031905,0.000010000000000003062,0.00031347962382454744
B-ID_USDT,1789561839313,0.0319,0.03191,0.031905,0.000010000000000003062,0.00031347962382454744
B-ID_USDT,1789561841686,0.0319,0.03191,0.031905,0.000010000000000003062,0.00031347962382454744
B-ID_USDT,1789561844064,0.0319,0.03191,0.031905,0.000010000000000003062,0.00031347962382454744
B-ID_USDT,1789561846418,0.0319,0.03191,0.031905,0.000010000000000003062,0.00031347962382454744
B-ID_USDT,1789561848747,0.0319,0.03191,0.031905,0.000010000000000003062,0.00031347962382454744
B-ID_USDT,1789561851105,0.0319,0.03191,0.031905,0.000010000000000003062,0.00031347962382454744
B-ID_USDT,1789561853453,0.0319,0.03191,0.031905,0.000010000000000003062,0.00031347962382454744
B-ID_USDT,1789561855786,0.0319,0.03191,0.031905,0.000010000000000003062,0.00031347962382454744
B-ID_USDT,1789561858139,0.0319,0.03191,0.031905,0.000010000000000003062,0.00031347962382454744
B-ID_USDT,1789561860493,0.0319,0.03191,0.031905,0.000010000000000003062,0.00031347962382454744
B-ID_USDT,1789561862870,0.0319,0.03191,0.031905,0.000010000000000003062,0.00031347962382454744
B-ID_USDT,1789561865230,0.0319,0.03191,0.031905,0.000010000000000003062,0.00031347962382454744
B-ID_USDT,1789561867819,0.0319,0.03191,0.031905,0.000010000000000003062,0.00031347962382454744
B-ID_USDT,1789561870173,0.0319,0.03191,0.031905,0.000010000000000003062,0.00031347962382454744
B-ID_USDT,1789561872548,0.0319,0.03191,0.031905,0.000010000000000003062,0.00031347962382454744
B-ID_USDT,1789561874915,0.0319,0.03191,0.031905,0.000010000000000003062,0.00031347962382454744
B-ID_USDT,1789561877279,0.0319,0.03191,0.031905,0.000010000000000003062,0.00031347962382454744
B-ID_USDT,1789561879648,0.0319,0.03191,0.031905,0.000010000000000003062,0.00031347962382454744
B-ID_USDT,1789561881989,0.0319,0.03191,0.031905,0.000010000000000003062,0.00031347962382454744
B-ID_USDT,1789561884337,0.0319,0.03191,0.031905,0.000010000000000003062,0.00031347962382454744
B-ID_USDT,1789561886695,0.0319,0.03191,0.031905,0.000010000000000003062,0.00031347962382454744
B-ID_USDT,1789561889045,0.0319,0.03192,0.031909999999999994,0.000019999999999999185,0.0006269592476488773
B-ID_USDT,1789561891408,0.0319,0.03192,0.031909999999999994,0.000019999999999999185,0.0006269592476488773
B-ID_USDT,1789561893782,0.0319,0.03192,0.031909999999999994,0.000019999999999999185,0.0006269592476488773
B-ID_USDT,1789561896158,0.0319,0.03192,0.031909999999999994,0.000019999999999999185,0.0006269592476488773
B-ID_USDT,1789561898529,0.0319,0.03191,0.031905,0.000010000000000003062,0.00031347962382454744
B-ID_USDT,1789561900922,0.0319,0.03192,0.031909999999999994,0.000019999999999999185,0.0006269592476488773
B-ID_USDT,1789561903288,0.0319,0.03192,0.031909999999999994,0.000019999999999999185,0.0006269592476488773
B-ID_USDT,1789561905624,0.0319,0.03192,0.031909999999999994,0.000019999999999999185,0.0006269592476488773
B-ID_USDT,1789561908015,0.0319,0.03192,0.031909999999999994,0.000019999999999999185,0.0006269592476488773
B-ID_USDT,1789561910425,0.0319,0.03192,0.031909999999999994,0.000019999999999999185,0.0006269592476488773
B-ID_USDT,1789561912856,0.03191,0.03192,0.031915,0.000009999999999996123,0.00031338138514560085
B-ID_USDT,1789561915228,0.03191,0.03192,0.031915,0.000009999999999996123,0.00031338138514560085
B-ID_USDT,1789561917613,0.03191,0.03192,0.031915,0.000009999999999996123,0.00031338138514560085
B-ID_USDT,1789561920011,0.03191,0.03192,0.031915,0.000009999999999996123,0.00031338138514560085
B-ID_USDT,1789561922400,0.03191,0.03192,0.031915,0.000009999999999996123,0.00031338138514560085
B-ID_USDT,1789561924789,0.0319,0.03191,0.031905,0.000010000000000003062,0.00031347962382454744
B-ID_USDT,1789561927176,0.0319,0.03191,0.031905,0.000010000000000003062,0.00031347962382454744
B-ID_USDT,1789561929524,0.0319,0.03191,0.031905,0.000010000000000003062,0.00031347962382454744
B-ID_USDT,1789561931831,0.0319,0.03191,0.031905,0.000010000000000003062,0.00031347962382454744
B-ID_USDT,1789561934153,0.0319,0.03191,0.031905,0.000010000000000003062,0.00031347962382454744
B-ID_USDT,1789561936517,0.0319,0.03191,0.031905,0.000010000000000003062,0.00031347962382454744
B-ID_USDT,1789561938877,0.0319,0.03191,0.031905,0.000010000000000003062,0.00031347962382454744
B-ID_USDT,1789561941251,0.0319,0.03191,0.031905,0.000010000000000003062,0.00031347962382454744
B-ID_USDT,1789561943686,0.0319,0.03191,0.031905,0.000010000000000003062,0.00031347962382454744
B-ID_USDT,1789561946032,0.0319,0.03191,0.031905,0.000010000000000003062,0.00031347962382454744
